dateff,mktrf,rf,tbl,ntis,infl,svar,dfy
19630131,0.0493,0.0025,0.0291,0.017136796,0,0.000699764,0.0070
19630228,-0.0238,0.0023,0.0292,0.013237325,0,0.000392124,0.0070
19630329,0.0308,0.0023,0.0289,0.014380015,0.003289474,0.000359924,0.0069
19630430,0.0451,0.0025,0.029,0.015199164,0,0.000322164,0.0066
19630531,0.0176,0.0024,0.0293,0.014648774,0,0.000303663,0.0063
19630628,-0.02,0.0023,0.0299,0.018263397,0.003278689,0.000261092,0.0061
19630731,-0.0039,0.0027,0.0318,0.009319109,0.003267974,0.000529791,0.0058
19630830,0.0507,0.0025,0.0332,0.009520366,0,0.000326916,0.0054
19630930,-0.0157,0.0027,0.0338,0.010313427,0,0.000329888,0.0053
19631031,0.0253,0.0029,0.0345,0.010279999,0.003257329,0.000503543,0.0051
19631129,-0.0085,0.0027,0.0352,0.006012398,0,0.00311016,0.0051
19631231,0.0183,0.0029,0.0352,0.00895399,0.003246753,0.00027358,0.0050
19640131,0.0224,0.003,0.0352,0.014293247,0,0.000183339,0.0044
19640228,0.0154,0.0026,0.0353,0.017407722,0,7.17008E-05,0.0047
19640331,0.0141,0.0031,0.0354,0.017783603,0,0.000114717,0.0045
19640430,0.001,0.0029,0.0347,0.020768417,0,0.000254751,0.0045
19640528,0.0142,0.0026,0.0348,0.021180072,0,0.000225772,0.0044
19640630,0.0127,0.003,0.0348,0.020503911,0.003236246,0.000397862,0.0044
19640731,0.0174,0.003,0.0346,0.02131387,0.003225807,0.000198899,0.0043
19640831,-0.0144,0.0028,0.035,0.020697976,-0.003215434,0.000425926,0.0041
19640930,0.0269,0.0028,0.0353,0.020404488,0.003225807,0.000170494,0.0040
19641030,0.0059,0.0029,0.0357,0.020116688,0,0.000187051,0.0039
19641130,0,0.0029,0.0364,0.019168163,0.003215434,0.000212882,0.0038
19641231,0.0003,0.0031,0.0384,0.023096655,0,0.000351216,0.0037
19650129,0.0354,0.0028,0.0381,0.01790518,0,0.000165822,0.0037
19650226,0.0044,0.003,0.0393,0.01482461,0,0.000393197,0.0037
19650331,-0.0134,0.0036,0.0393,0.01913505,0.003205128,0.000144621,0.0036
19650430,0.0311,0.0031,0.0393,0.014722856,0.003194888,0.000162754,0.0037
19650528,-0.0077,0.0031,0.0389,0.016244854,0,0.000333771,0.0037
19650630,-0.0551,0.0035,0.038,0.017550975,0.006369427,0.001829379,0.0039
19650730,0.0143,0.0031,0.0384,0.015627032,0,0.000521857,0.0040
19650831,0.0273,0.0033,0.0384,0.015600946,0,0.000107532,0.0039
19650930,0.0286,0.0031,0.0392,0.016895102,0,0.000299084,0.0039
19651029,0.026,0.0031,0.0403,0.01746461,0.003164557,0.000188383,0.0037
19651130,-0.0003,0.0035,0.0409,0.020763028,0,0.000141427,0.0035
19651231,0.0101,0.0033,0.0438,0.020837244,0.003154574,0.000301365,0.0034
19660131,0.0072,0.0038,0.0459,0.020277991,0,0.000151802,0.0032
19660228,-0.0121,0.0035,0.0465,0.020025381,0.006289308,0.000337065,0.0034
19660331,-0.0251,0.0038,0.0459,0.0167877,0.003125,0.000931034,0.0040
19660429,0.0214,0.0034,0.0462,0.015636289,0.00623053,0.000351263,0.0045
19660531,-0.0566,0.0041,0.0464,0.0159454,0,0.001935492,0.0050
19660630,-0.0144,0.0038,0.045,0.017122533,0.003095975,0.000501212,0.0051
19660729,-0.0163,0.0035,0.048,0.01864087,0.00308642,0.001013784,0.0052
19660831,-0.0791,0.0041,0.0496,0.021469746,0.006153846,0.003165256,0.0052
19660930,-0.0106,0.004,0.0537,0.016984555,0,0.001600328,0.0060
19661031,0.0386,0.0045,0.0535,0.015184258,0.006116208,0.002546772,0.0069
19661130,0.014,0.004,0.0532,0.017550473,0,0.000774402,0.0078
19661230,0.0013,0.004,0.0496,0.017209127,0,0.00062696,0.0079
19670131,0.0815,0.0043,0.0472,0.01569918,0,0.000733477,0.0077
19670228,0.0078,0.0036,0.0456,0.017702797,0,0.0004124,0.0079
19670331,0.0399,0.0039,0.0426,0.014923247,0.003039514,0.000501141,0.0072
19670428,0.0389,0.0032,0.0384,0.015047418,0.003030303,0.000837117,0.0072
19670531,-0.0433,0.0033,0.036,0.011465697,0.003021148,0.000890352,0.0072
19670630,0.0241,0.0027,0.0354,0.010154688,0.003012048,0.001070719,0.0071
19670731,0.0458,0.0031,0.0421,0.006688842,0.003003003,0.000218442,0.0068
19670831,-0.0089,0.0031,0.0427,0.00584294,0.002994012,0.00029662,0.0071
19670929,0.0311,0.0032,0.0442,0.005601495,0.002985075,0.000358545,0.0075
19671031,-0.0309,0.0039,0.0456,0.003717065,0.002976191,0.000444914,0.0070
19671130,0.0037,0.0036,0.0473,0.002774906,0.002967359,0.00095478,0.0065
19671229,0.0305,0.0033,0.0497,0.014362334,0.00295858,0.000270886,0.0074
19680131,-0.0406,0.004,0.05,0.012855354,0.005899705,0.000483346,0.0067
19680229,-0.0375,0.0039,0.0498,0.010452137,0.002932551,0.00082043,0.0070
19680329,0.002,0.0038,0.0517,0.012678441,0.002923977,0.001395506,0.0074
19680430,0.0905,0.0043,0.0538,0.008141894,0.002915452,0.001607559,0.0076
19680531,0.0228,0.0045,0.0566,0.010648723,0.002906977,0.000386513,0.0076
19680628,0.0069,0.0043,0.0552,0.0120919,0.005797101,0.000499481,0.0079
19680730,-0.0272,0.0048,0.0531,0.013887336,0.005763689,0.00075662,0.0074
19680830,0.0134,0.0042,0.0509,0.018036658,0.00286533,0.000316402,0.0080
19680930,0.0403,0.0043,0.0519,0.018288513,0.002857143,0.000268231,0.0082
19681031,0.0042,0.0044,0.0535,0.019411454,0.005698006,0.000268413,0.0075
19681129,0.0543,0.0042,0.0545,0.02118963,0.002832861,0.000262966,0.0082
19681231,-0.0394,0.0043,0.0596,0.031962931,0.002824859,0.000333982,0.0078
19690131,-0.0125,0.0053,0.0614,0.03652571,0.002816901,0.000606787,0.0073
19690228,-0.0584,0.0046,0.0612,0.041318191,0.005617978,0.000595574,0.0064
19690328,0.0264,0.0046,0.0602,0.039508636,0.008379888,0.000541617,0.0066
19690430,0.0146,0.0053,0.0611,0.044291481,0.005540166,0.000550428,0.0065
19690529,-0.001,0.0048,0.0604,0.044005771,0.002754821,0.000426897,0.0073
19690630,-0.0718,0.0051,0.0644,0.045153231,0.005494506,0.00075224,0.0072
19690731,-0.07,0.0053,0.07,0.051160703,0.005464481,0.0023057,0.0076
19690829,0.0468,0.005,0.0698,0.046915177,0.005434783,0.000918221,0.0089
19690930,-0.0298,0.0062,0.0709,0.048391252,0.002702703,0.000891555,0.0091
19691031,0.0506,0.006,0.07,0.048630407,0.005390836,0.000753723,0.0089
19691128,-0.0379,0.0052,0.0724,0.047903835,0.00536193,0.000509125,0.0090
19691231,-0.0263,0.0064,0.0782,0.034273853,0.005333333,0.001163582,0.0093
19700130,-0.081,0.006,0.0787,0.034473051,0.00265252,0.00106709,0.0095
19700227,0.0513,0.0062,0.0713,0.035855171,0.005291005,0.001058714,0.0085
19700331,-0.0106,0.0057,0.0663,0.035841598,0.005263158,0.000963563,0.0079
19700430,-0.11,0.005,0.0651,0.03571227,0.007853403,0.00161469,0.0087
19700529,-0.0692,0.0053,0.0684,0.038661496,0.002597403,0.008151871,0.0087
19700630,-0.0579,0.0058,0.0668,0.042299445,0.005181347,0.002651909,0.0077
19700731,0.0693,0.0052,0.0645,0.043082634,0.005154639,0.002126499,0.0096
19700831,0.0449,0.0053,0.0641,0.038737635,0,0.001887124,0.0131
19700930,0.0418,0.0054,0.0612,0.037950316,0.005128205,0.001057986,0.0130
19701030,-0.0228,0.0046,0.0591,0.036970147,0.005102041,0.001043412,0.0130
19701130,0.0459,0.0046,0.0528,0.035232875,0.005076142,0.000885428,0.0133
19701231,0.0572,0.0042,0.0487,0.031468804,0.005050505,0.000535191,0.0148
19710129,0.0484,0.0038,0.0444,0.030600508,0,0.000541037,0.0138
19710226,0.0141,0.0033,0.037,0.025808227,0.002512563,0.000451438,0.0131
19710331,0.0413,0.003,0.0338,0.026406013,0.002506266,0.000492715,0.0125
19710430,0.0315,0.0028,0.0386,0.026563597,0.0025,0.000307568,0.0120
19710528,-0.0398,0.0029,0.0414,0.029729296,0.004987531,0.000539272,0.0109
19710630,-0.001,0.0037,0.0475,0.027279666,0.007444169,0.000924559,0.0111
19710730,-0.045,0.004,0.054,0.025797087,0.002463054,0.000518436,0.0112
19710831,0.0379,0.0047,0.0494,0.026782713,0.002457003,0.002451185,0.0117
19710930,-0.0085,0.0037,0.0469,0.02793549,0,0.000524264,0.0115
19711029,-0.0442,0.0037,0.0446,0.029244379,0.00245098,0.000661946,0.0109
19711130,-0.0046,0.0037,0.0422,0.029452732,0,0.001866276,0.0112
19711231,0.0871,0.0037,0.0401,0.034023802,0.004889976,0.001183026,0.0113
19720131,0.0249,0.0029,0.0338,0.033075799,0,0.00049422,0.0104
19720229,0.0287,0.0025,0.032,0.033030334,0.00486618,0.000284376,0.0096
19720330,0.0063,0.0027,0.0373,0.031722871,0.002421308,0.000545087,0.0100
19720428,0.0029,0.0029,0.0371,0.03249152,0.002415459,0.000383409,0.0094
19720531,0.0125,0.003,0.0369,0.030657019,0.002409639,0.000769029,0.0093
19720630,-0.0243,0.0029,0.0391,0.03419894,0.002403846,0.000365358,0.0097
19720731,-0.008,0.0031,0.0398,0.033324919,0.004796163,0.000595479,0.0102
19720831,0.0326,0.0029,0.0402,0.031848128,0.002386635,0.000594997,0.0100
19720929,-0.0114,0.0034,0.0466,0.032869155,0.002380952,0.000465713,0.0087
19721031,0.0052,0.004,0.0474,0.0323536,0.004750594,0.000858267,0.0085
19721130,0.046,0.0037,0.0478,0.030952275,0.002364066,0.00048846,0.0087
19721229,0.0062,0.0037,0.0507,0.034203267,0.002358491,0.000517178,0.0085
19730131,-0.0329,0.0044,0.0541,0.035646385,0.002352941,0.000515628,0.0075
19730228,-0.0485,0.0041,0.056,0.036299621,0.007042254,0.001264572,0.0075
19730330,-0.013,0.0046,0.0609,0.03670618,0.009324009,0.001557543,0.0074
19730430,-0.0568,0.0052,0.0626,0.037832949,0.006928407,0.001517541,0.0083
19730531,-0.0294,0.0051,0.0636,0.039601213,0.006880734,0.003077462,0.0077
19730629,-0.0156,0.0051,0.0719,0.039012956,0.006833713,0.002164598,0.0076
19730731,0.0505,0.0064,0.0801,0.037349723,0.002262443,0.001868018,0.0079
19730831,-0.0382,0.007,0.0867,0.037389178,0.018058691,0.001095856,0.0085
19730928,0.0475,0.0068,0.0829,0.034361667,0.002217295,0.000934547,0.0100
19731031,-0.0083,0.0065,0.0722,0.034659964,0.008849558,0.001344717,0.0081
19731130,-0.1275,0.0056,0.0783,0.038735885,0.006578947,0.004369728,0.0075
19731231,0.0061,0.0064,0.0745,0.013007591,0.006535948,0.005358381,0.0080
19740131,-0.0017,0.0063,0.0777,0.011627638,0.008658009,0.003409512,0.0065
19740228,-0.0047,0.0058,0.0712,0.01091889,0.012875537,0.001878014,0.0068
19740329,-0.0281,0.0056,0.0796,0.010400726,0.012711864,0.001693666,0.0061
19740430,-0.0529,0.0075,0.0833,0.009658192,0.0041841,0.001729145,0.0062
19740531,-0.0468,0.0075,0.0823,0.009247794,0.0125,0.002098706,0.0068
19740628,-0.0283,0.006,0.079,0.008028818,0.008230453,0.002300341,0.0080
19740731,-0.0805,0.007,0.0755,0.006839871,0.008163265,0.004917534,0.0076
19740830,-0.0935,0.006,0.0896,0.00655581,0.012145749,0.004791049,0.0077
19740930,-0.1177,0.0081,0.0806,0.005137958,0.012,0.007811715,0.0094
19741031,0.161,0.0051,0.0746,0.003639726,0.009881423,0.010084954,0.0121
19741129,-0.0451,0.0054,0.0747,0.007815393,0.007827789,0.003513839,0.0171
19741231,-0.0345,0.007,0.0715,0.008772527,0.00776699,0.003814438,0.0174
19750131,0.1366,0.0058,0.0626,0.008510502,0.003853565,0.004017213,0.0198
19750228,0.0556,0.0043,0.055,0.011652915,0.007677543,0.00217907,0.0203
19750331,0.0266,0.0041,0.0549,0.02046755,0.003809524,0.002402643,0.0181
19750430,0.0423,0.0044,0.0561,0.022495892,0.003795066,0.002313727,0.0163
19750530,0.0519,0.0044,0.0523,0.022954138,0.005671078,0.001807184,0.0179
19750630,0.0483,0.0041,0.0534,0.022962027,0.007518797,0.001353355,0.0185
19750731,-0.0659,0.0048,0.0613,0.025628282,0.01119403,0.001244415,0.0171
19750829,-0.0285,0.0048,0.0644,0.026366203,0.001845019,0.002343157,0.0164
19750930,-0.0426,0.0053,0.0642,0.027919173,0.005524862,0.002304587,0.0166
19751031,0.0531,0.0056,0.0596,0.02589755,0.005494506,0.00215464,0.0176
19751128,0.0264,0.0041,0.0548,0.02462177,0.007285975,0.000812701,0.0178
19751231,-0.016,0.0048,0.0544,0.023710554,0.003616637,0.001330808,0.0177
19760130,0.1216,0.0047,0.0487,0.021851517,0.001801802,0.001978298,0.0181
19760227,0.0032,0.0034,0.0488,0.02223262,0.003597122,0.001221425,0.0169
19760331,0.0232,0.004,0.05,0.015071794,0.001792115,0.001265717,0.0160
19760430,-0.0149,0.0042,0.0486,0.014240492,0.003577818,0.00100713,0.0154
19760528,-0.0134,0.0037,0.052,0.014148695,0.007130125,0.000936506,0.0128
19760630,0.0405,0.0043,0.0541,0.018925153,0.005309735,0.0009716,0.0127
19760730,-0.0107,0.0047,0.0523,0.018842076,0.00528169,0.00048717,0.0126
19760831,-0.0056,0.0042,0.0514,0.020628812,0.005253941,0.000744545,0.0119
19760930,0.0207,0.0044,0.0508,0.023782231,0.003484321,0.000890683,0.0102
19761029,-0.0242,0.0041,0.0492,0.025568995,0.005208333,0.001270002,0.0097
19761130,0.0036,0.004,0.0475,0.027895067,0.001727116,0.001117929,0.0098
19761231,0.0565,0.004,0.0435,0.028567074,0.003448276,0.000576229,0.0114
19770131,-0.0405,0.0036,0.0462,0.029600479,0.005154639,0.00069564,0.0112
19770228,-0.0194,0.0035,0.0467,0.027970943,0.01025641,0.000334679,0.0108
19770331,-0.0137,0.0038,0.046,0.030339023,0.00676819,0.000665746,0.0102
19770429,0.0015,0.0038,0.0454,0.03114102,0.008403361,0.000984869,0.0103
19770531,-0.0145,0.0037,0.0496,0.035317181,0.005,0.000634799,0.0096
19770630,0.0471,0.004,0.0502,0.031942968,0.006633499,0.000563354,0.0096
19770729,-0.0169,0.0042,0.0519,0.033184265,0.004942339,0.000594692,0.0093
19770831,-0.0175,0.0044,0.0549,0.03375339,0.003278689,0.000582452,0.0084
19770930,-0.0027,0.0043,0.0581,0.032370163,0.003267974,0.000463184,0.0088
19771031,-0.0438,0.0049,0.0616,0.03277732,0.003257329,0.000726166,0.0085
19771130,0.04,0.005,0.061,0.029219279,0.00487013,0.001387517,0.0087
19771230,0.0027,0.0049,0.0607,0.030477509,0.003231018,0.000626626,0.0080
19780131,-0.0601,0.0049,0.0644,0.028815903,0.006441224,0.000908056,0.0076
19780228,-0.0138,0.0046,0.0645,0.031170596,0.0064,0.000669887,0.0073
19780331,0.0285,0.0053,0.0629,0.027571178,0.007949126,0.000622855,0.0075
19780428,0.0788,0.0054,0.0629,0.022947412,0.007886435,0.001741161,0.0076
19780531,0.0176,0.0051,0.0641,0.016560719,0.009389671,0.001085059,0.0080
19780630,-0.0169,0.0054,0.0673,0.016524095,0.010852713,0.001027411,0.0084
19780731,0.0511,0.0056,0.0701,0.014671944,0.007668712,0.00084993,0.0072
19780831,0.0375,0.0056,0.0708,0.012025347,0.00456621,0.001002245,0.0079
19780929,-0.0143,0.0062,0.0785,0.012727143,0.007575758,0.000948016,0.0073
19781031,-0.1191,0.0068,0.0799,0.014377004,0.009022556,0.002100022,0.0070
19781130,0.0271,0.007,0.0864,0.014115014,0.004470939,0.003180904,0.0080
19781229,0.0088,0.0078,0.0908,0.014875826,0.004451039,0.001665671,0.0078
19790131,0.0423,0.0077,0.0935,0.014450994,0.008862629,0.001001125,0.0088
19790228,-0.0356,0.0073,0.0932,0.012293422,0.011713031,0.000814059,0.0082
19790330,0.0568,0.0081,0.0948,0.011732195,0.010130246,0.000800771,0.0089
19790430,-0.0006,0.008,0.0946,0.011631279,0.011461318,0.000646829,0.0095
19790531,-0.0221,0.0082,0.0961,0.014245848,0.012747875,0.000924233,0.0097
19790629,0.0385,0.0081,0.0906,0.01212873,0.011188811,0.000571458,0.0109
19790731,0.0082,0.0077,0.0924,0.009738042,0.011065007,0.000707685,0.0109
19790831,0.0553,0.0077,0.0952,0.011604751,0.009575923,0.000506456,0.0112
19790928,-0.0082,0.0083,0.1026,0.009439189,0.010840108,0.001233085,0.0110
19791031,-0.081,0.0087,0.117,0.010247461,0.008042895,0.00258934,0.0127
19791130,0.0521,0.0099,0.1179,0.010814534,0.009308511,0.001558374,0.0123
19791231,0.0179,0.0095,0.1204,0.010549114,0.010540185,0.000469655,0.0132
19800131,0.0551,0.008,0.12,0.011297574,0.014341591,0.001906401,0.0133
19800229,-0.0122,0.0089,0.1286,0.010827221,0.014138818,0.001897609,0.0119
19800331,-0.129,0.0121,0.152,0.011876991,0.015209126,0.004621872,0.0149
19800430,0.0397,0.0126,0.132,0.015347136,0.011235955,0.002745574,0.0215
19800530,0.0526,0.0081,0.0858,0.015051482,0.009876543,0.001509752,0.0218
19800630,0.0306,0.0061,0.0707,0.01530442,0.011002445,0.001371067,0.0213
19800731,0.0649,0.0053,0.0806,0.02015374,0,0.001362829,0.0158
19800829,0.018,0.0064,0.0913,0.019950114,0.007255139,0.001708132,0.0151
19800930,0.0219,0.0075,0.1027,0.023796324,0.008403361,0.002657407,0.0168
19801031,0.0106,0.0095,0.1162,0.02276963,0.00952381,0.002190636,0.0192
19801128,0.0959,0.0096,0.1373,0.021949572,0.008254717,0.002419092,0.0167
19801231,-0.0452,0.0131,0.1549,0.026816981,0.009356725,0.002951487,0.0193
19810130,-0.0504,0.0104,0.1502,0.028695632,0.00811124,0.00159744,0.0222
19810227,0.0057,0.0107,0.1479,0.03000946,0.010344828,0.001530896,0.0202
19810331,0.0356,0.0121,0.1336,0.027939971,0.006825939,0.002075959,0.0201
19810430,-0.0211,0.0108,0.1369,0.027352309,0.006779661,0.000832009,0.0168
19810529,0.0011,0.0115,0.163,0.028844657,0.007856341,0.000921693,0.0163
19810630,-0.0236,0.0135,0.1473,0.027893345,0.008908686,0.000995536,0.0205
19810731,-0.0154,0.0124,0.1495,0.025590161,0.011037528,0.001102994,0.0179
19810831,-0.0704,0.0128,0.1551,0.026991349,0.007641921,0.001824936,0.0145
19810930,-0.0717,0.0124,0.147,0.021483492,0.009750813,0.002761243,0.0143
19811030,0.0492,0.0121,0.1354,0.01489698,0.002145923,0.00207827,0.0171
19811130,0.0336,0.0107,0.1086,0.015672802,0.003211991,0.001504011,0.0217
19811231,-0.0365,0.0087,0.1085,0.011909269,0.003201708,0.000905838,0.0232
19820129,-0.0324,0.008,0.1228,0.010700483,0.003191489,0.002521891,0.0192
19820226,-0.0586,0.0092,0.1348,0.010506198,0.003181336,0.001918265,0.0191
19820331,-0.0187,0.0098,0.1268,0.005548476,-0.001057083,0.001795198,0.0224
19820430,0.0327,0.0113,0.127,0.00292377,0.004232804,0.001246807,0.0232
19820528,-0.0399,0.0106,0.1209,-0.000957897,0.009483667,0.000854807,0.0238
19820630,-0.0309,0.0096,0.1247,0.001213212,0.012526096,0.001490294,0.0211
19820730,-0.0319,0.0105,0.1135,-0.011551406,0.005154639,0.000958581,0.0219
19820831,0.1114,0.0076,0.0868,-0.002857399,0.002051282,0.006415949,0.0261
19820930,0.0129,0.0051,0.0792,0.000550245,0.002047083,0.00213126,0.0269
19821029,0.113,0.0059,0.0771,0.006557636,0.003064351,0.006125979,0.0261
19821130,0.0467,0.0063,0.0807,0.00095762,-0.00203666,0.005491651,0.0262
19821231,0.0055,0.0067,0.0794,0.002989273,-0.004081633,0.002490242,0.0231
19830131,0.036,0.0069,0.0786,0.002194159,0.00204918,0.003280873,0.0215
19830228,0.0259,0.0062,0.0811,0.000355416,0.001022495,0.001911616,0.0194
19830331,0.0282,0.0063,0.0835,0.005992827,0,0.001571824,0.0188
19830429,0.0667,0.0071,0.0821,0.006625948,0.007150153,0.001423778,0.0178
19830531,0.0052,0.0069,0.0819,0.010428324,0.006085193,0.001084624,0.0163
19830630,0.0307,0.0067,0.0879,0.015826373,0.003024194,0.001399148,0.0163
19830729,-0.0407,0.0074,0.0908,0.025380282,0.004020101,0.002292858,0.0124
19830831,-0.005,0.0076,0.0934,0.01947528,0.003003003,0.001369031,0.0113
19830930,0.0091,0.0076,0.09,0.023143008,0.00499002,0.001057274,0.0118
19831031,-0.0344,0.0076,0.0864,0.024708146,0.002979146,0.001115354,0.0121
19831130,0.0216,0.007,0.0876,0.026601706,0.001980198,0.000836286,0.0120
19831230,-0.0178,0.0073,0.09,0.027021577,0.000988142,0.000528107,0.0118
19840131,-0.0192,0.0076,0.089,0.030699845,0.005923001,0.000794619,0.0145
19840229,-0.0482,0.0071,0.0909,0.026663987,0.004906771,0.002019467,0.0151
19840330,0.0063,0.0073,0.0952,0.024067786,0.001953125,0.001354587,0.0142
19840430,-0.0051,0.0081,0.0969,0.022645296,0.004873294,0.00103554,0.0150
19840531,-0.0597,0.0078,0.0983,0.021475198,0.002909796,0.000933049,0.0146
19840629,0.0182,0.0075,0.0987,0.001264666,0.002901354,0.001675744,0.0150
19840731,-0.0274,0.0082,0.1012,-0.001902582,0.003857281,0.000865665,0.0171
19840831,0.1028,0.0083,0.1047,-0.003137886,0.003842459,0.003126833,0.0176
19840928,-0.008,0.0086,0.1037,-0.009492706,0.004784689,0.000943209,0.0169
19841031,-0.0084,0.01,0.0974,-0.013528759,0.002857143,0.001291861,0.0131
19841130,-0.0176,0.0073,0.0861,-0.021877368,0,0.001020283,0.0119
19841231,0.0184,0.0064,0.0806,-0.02719701,0,0.001190055,0.0127
19850131,0.0799,0.0065,0.0776,-0.02990547,0.001899335,0.001635854,0.0118
19850228,0.0122,0.0058,0.0827,-0.024519812,0.004739337,0.000745303,0.0110
19850329,-0.0084,0.0062,0.0852,-0.024816357,0.003773585,0.000802261,0.0113
19850430,-0.0096,0.0072,0.0795,-0.022412727,0.004699248,0.000459898,0.0128
19850531,0.0509,0.0066,0.0748,-0.025481819,0.003741815,0.000833861,0.0143
19850628,0.0127,0.0055,0.0695,-0.026608224,0.002795899,0.000741523,0.0146
19850731,-0.0074,0.0062,0.0708,-0.024639264,0.001858736,0.000718633,0.0146
19850830,-0.0102,0.0055,0.0714,-0.024228277,0.001855288,0.000629705,0.0145
19850930,-0.0454,0.006,0.071,-0.031295144,0.002777778,0.000865848,0.0141
19851031,0.0402,0.0065,0.0716,-0.027069853,0.003693444,0.000911758,0.0134
19851129,0.0648,0.0061,0.0724,-0.027716718,0.00275989,0.000943072,0.0144
19851231,0.0388,0.0065,0.071,-0.019466051,0.002752294,0.001230101,0.0142
19860131,0.0065,0.0056,0.0707,-0.019172466,0.002744739,0.001920144,0.0139
19860228,0.0713,0.0053,0.0706,-0.017914624,-0.002737226,0.001089309,0.0144
19860331,0.0488,0.006,0.0656,-0.016419884,-0.004574565,0.001373753,0.0150
19860430,-0.0131,0.0052,0.0606,-0.024584935,-0.001838235,0.002458975,0.0140
19860530,0.0462,0.0049,0.0615,-0.021871727,0.002762431,0.001369939,0.0120
19860630,0.0103,0.0052,0.0621,-0.0122926,0.005509642,0.001596568,0.0121
19860731,-0.0645,0.0052,0.0583,-0.011285395,0,0.002415862,0.0128
19860829,0.0607,0.0046,0.0553,-0.009676358,0.001826484,0.001260621,0.0146
19860930,-0.086,0.0045,0.0521,-0.00513797,0.004557885,0.004207378,0.0131
19861031,0.0466,0.0046,0.0518,-0.008024351,0.000907441,0.000990613,0.0138
19861128,0.0117,0.0039,0.0535,-0.002124362,0.000906618,0.001730878,0.0139
19861231,-0.0327,0.0049,0.0553,-0.011375066,0.000905797,0.001262324,0.0148
19870130,0.1247,0.0042,0.0543,-0.005839916,0.006334842,0.002478285,0.0136
19870227,0.0439,0.0043,0.0559,-0.004505169,0.003597122,0.001412264,0.0127
19870331,0.0164,0.0047,0.0559,-0.002216721,0.004480287,0.001971102,0.0125
19870430,-0.0211,0.0044,0.0564,0.004493435,0.005352364,0.004193838,0.0119
19870529,0.0011,0.0038,0.0566,0.006941412,0.003549246,0.002489211,0.0118
19870630,0.0394,0.0048,0.0567,0.005202463,0.003536693,0.001070387,0.0120
19870731,0.0385,0.0046,0.0569,0.001881942,0.002643172,0.000818162,0.0119
19870831,0.0352,0.0047,0.0604,0.001997534,0.005272408,0.001776142,0.0113
19870930,-0.0259,0.0045,0.064,0.006350834,0.005244755,0.002534827,0.0113
19871030,-0.2324,0.006,0.0613,0.010479103,0.002608696,0.070945104,0.0110
19871130,-0.0777,0.0035,0.0569,0.009899813,0.000867303,0.00678551,0.0122
19871231,0.0681,0.0039,0.0577,0.013275977,0,0.006852202,0.0118
19880129,0.0421,0.0029,0.0581,0.008424213,0.002599653,0.009157585,0.0119
19880229,0.0475,0.0046,0.0566,0.008793443,0.002592913,0.001967352,0.0122
19880331,-0.0227,0.0044,0.057,0.006080846,0.004310345,0.001659188,0.0118
19880429,0.0056,0.0046,0.0591,0.005065195,0.005150215,0.003459579,0.0123
19880531,-0.0029,0.0051,0.0626,0.001348455,0.003415884,0.002555748,0.0114
19880630,0.0479,0.0049,0.0646,-0.005396974,0.004255319,0.002361332,0.0114
19880729,-0.0125,0.0051,0.0673,-0.002822128,0.004237288,0.001910623,0.0115
19880831,-0.0331,0.0059,0.0706,-0.006239224,0.004219409,0.001390326,0.0110
19880930,0.033,0.0062,0.0724,-0.010001454,0.006722689,0.001192751,0.0108
19881031,0.0115,0.0061,0.0735,-0.010462941,0.003338898,0.00163151,0.0090
19881130,-0.0229,0.0057,0.0776,-0.007764731,0.000831947,0.001348001,0.0103
19881230,0.0149,0.0063,0.0807,-0.021405974,0.00166251,0.000628121,0.0108
19890131,0.061,0.0055,0.0827,-0.022361176,0.004979253,0.000964584,0.0103
19890228,-0.0225,0.0061,0.0853,-0.024823849,0.004128819,0.00117607,0.0097
19890331,0.0157,0.0067,0.0882,-0.023102994,0.005756579,0.001286451,0.0087
19890428,0.0433,0.0067,0.0865,-0.022803093,0.006541292,0.00095561,0.0082
19890531,0.0335,0.0079,0.0843,-0.028037605,0.005686434,0.001073057,0.0089
19890630,-0.0135,0.0071,0.0815,-0.023938158,0.002423263,0.001429537,0.0093
19890731,0.072,0.007,0.0788,-0.028526557,0.002417405,0.001018823,0.0094
19890831,0.0144,0.0074,0.079,-0.024812143,0.001607717,0.001380458,0.0092
19890929,-0.0076,0.0065,0.0775,-0.025736629,0.003210273,0.000550205,0.0090
19891031,-0.0367,0.0068,0.0764,-0.02433999,0.0048,0.00563595,0.0089
19891130,0.0103,0.0069,0.0769,-0.027022798,0.002388535,0.000844816,0.0092
19891229,0.0116,0.0061,0.0763,-0.012323269,0.001588562,0.000923443,0.0096
19900131,-0.0785,0.0057,0.0764,-0.013791823,0.010309278,0.002892101,0.0095
19900228,0.0111,0.0057,0.0774,-0.011625552,0.004709576,0.001008572,0.0092
19900330,0.0183,0.0064,0.079,-0.010275298,0.00546875,0.001032254,0.0084
19900430,-0.0336,0.0069,0.0777,-0.010132832,0.001554002,0.000966789,0.0084
19900531,0.0842,0.0068,0.0774,-0.001961041,0.002327386,0.001361474,0.0094
19900629,-0.0109,0.0063,0.0773,-0.00047405,0.005417957,0.001350807,0.0096
19900731,-0.019,0.0068,0.0762,0.004918356,0.003849115,0.001298437,0.0096
19900831,-0.1015,0.0066,0.0745,0.001475764,0.009202454,0.005827787,0.0100
19900928,-0.0612,0.006,0.0736,0.00139012,0.008358663,0.001984821,0.0108
19901031,-0.0192,0.0068,0.0717,-0.000452674,0.006028636,0.004492789,0.0121
19901130,0.0635,0.0057,0.0706,0.000926907,0.002247191,0.002439904,0.0132
19901231,0.0246,0.006,0.0674,-0.00182971,0,0.000794597,0.0138
19910131,0.0469,0.0052,0.0622,0.000648015,0.005979073,0.003193592,0.0141
19910228,0.0719,0.0048,0.0594,0.00117849,0.001485884,0.002431299,0.0124
19910328,0.0265,0.0044,0.0591,0.003261932,0.00148368,0.001375058,0.0116
19910430,-0.0028,0.0053,0.0565,0.005741188,0.001481482,0.002072789,0.0108
19910531,0.0365,0.0047,0.0546,0.006799212,0.00295858,0.001585206,0.0100
19910628,-0.0494,0.0042,0.0557,0.014082845,0.002949853,0.001179879,0.0095
19910731,0.0424,0.0049,0.0558,0.014677692,0.001470588,0.001105341,0.0089
19910830,0.0232,0.0046,0.0533,0.017176983,0.002936858,0.002037667,0.0090
19910930,-0.0159,0.0046,0.0522,0.022992495,0.004392387,0.00047469,0.0090
19911031,0.0129,0.0042,0.0499,0.025218835,0.001457726,0.001125638,0.0094
19911129,-0.0419,0.0039,0.0456,0.030383867,0.002911208,0.002049026,0.0097
19911231,0.1084,0.0038,0.0407,0.031537634,0.000725689,0.002049522,0.0095
19920131,-0.0059,0.0034,0.038,0.031664135,0.001450326,0.000872455,0.0093
19920228,0.0109,0.0028,0.0384,0.033282805,0.003620565,0.000913236,0.0094
19920331,-0.0266,0.0034,0.0404,0.041626698,0.005050505,0.00046976,0.0090
19920430,0.0107,0.0032,0.0375,0.038392185,0.00143575,0.001661052,0.0088
19920529,0.003,0.0028,0.0363,0.037079879,0.001433692,0.000690033,0.0085
19920630,-0.0234,0.0032,0.0366,0.042934869,0.003579098,0.000752919,0.0083
19920731,0.0377,0.0031,0.0321,0.041359126,0.0021398,0.000897481,0.0077
19920831,-0.0238,0.0026,0.0313,0.04282569,0.002846975,0.000369559,0.0070
19920930,0.0119,0.0026,0.0291,0.04113345,0.002838893,0.000872212,0.0070
19921030,0.0102,0.0023,0.0286,0.040971526,0.00353857,0.000944149,0.0085
19921130,0.0413,0.0023,0.0313,0.03786982,0.001410437,0.0005081,0.0086
19921231,0.0153,0.0028,0.0322,0.038713486,-0.000704225,0.00047154,0.0083
19930129,0.0093,0.0023,0.03,0.041639098,0.004933051,0.000348846,0.0076
19930226,0.0012,0.0022,0.0293,0.04061536,0.003506311,0.001146872,0.0068
19930331,0.023,0.0025,0.0295,0.036995023,0.00349406,0.001004723,0.0057
19930430,-0.0305,0.0024,0.0287,0.039699627,0.002785515,0.001004798,0.0068
19930528,0.0289,0.0022,0.0296,0.040143319,0.001388889,0.000817304,0.0078
19930630,0.0031,0.0025,0.0307,0.041047237,0.001386963,0.000573817,0.0074
19930730,-0.0034,0.0024,0.0304,0.040899411,0,0.000608962,0.0076
19930831,0.0371,0.0025,0.0302,0.040165318,0.002770083,0.000281578,0.0075
19930930,-0.0012,0.0026,0.0295,0.041746162,0.002071823,0.000470665,0.0068
19931029,0.0141,0.0022,0.0302,0.040379708,0.004135079,0.000314205,0.0064
19931130,-0.0189,0.0025,0.031,0.043852026,0.000686342,0.000576328,0.0073
19931231,0.0165,0.0023,0.0306,0.045744702,0,0.000269686,0.0076
19940131,0.0287,0.0025,0.0298,0.043686722,0.002743484,0.000423486,0.0073
19940228,-0.0255,0.0021,0.0325,0.045058471,0.003419973,0.001026088,0.0068
19940331,-0.0478,0.0027,0.035,0.041913677,0.003408316,0.000892131,0.0065
19940429,0.0068,0.0027,0.0368,0.039861085,0.001358696,0.001373677,0.0064
19940531,0.0058,0.0031,0.0414,0.039656264,0.000678426,0.000750498,0.0063
19940630,-0.0303,0.0031,0.0414,0.034009673,0.003389831,0.000797104,0.0068
19940729,0.0282,0.0028,0.0433,0.031220387,0.002702703,0.00032727,0.0069
19940831,0.0401,0.0037,0.0448,0.028714619,0.004043127,0.000560379,0.0067
19940930,-0.0231,0.0037,0.0462,0.029012652,0.002684564,0.000801876,0.0064
19941031,0.0134,0.0038,0.0495,0.026008852,0.000669344,0.001158422,0.0063
19941130,-0.0404,0.0037,0.0529,0.022924068,0.001337793,0.000836383,0.0064
19941230,0.0086,0.0044,0.056,0.016595609,0,0.000704927,0.0064
19950131,0.018,0.0042,0.0571,0.015093677,0.004008016,0.000289389,0.0062
19950228,0.0363,0.004,0.0577,0.014532346,0.003992016,0.000472432,0.0059
19950331,0.0219,0.0046,0.0573,0.014396524,0.003313453,0.000484319,0.0058
19950428,0.0211,0.0044,0.0565,0.013011827,0.00330251,0.000256928,0.0057
19950531,0.029,0.0054,0.0567,0.010736773,0.001974984,0.001011447,0.0055
19950630,0.0272,0.0047,0.0547,0.008266237,0.001971091,0.000696799,0.0060
19950731,0.0372,0.0045,0.0542,0.007057342,0,0.000773225,0.0063
19950831,0.0055,0.0047,0.054,0.0091184,0.002622951,0.000206741,0.0062
19950929,0.0335,0.0043,0.0528,0.006375744,0.001962067,0.00038146,0.0061
19951031,-0.0152,0.0047,0.0528,0.012219365,0.003263708,0.000487822,0.0063
19951130,0.0396,0.0042,0.0536,0.016870705,-0.000650618,0.000546172,0.0066
19951229,0.0103,0.0049,0.0514,0.015526865,-0.000651042,0.000820543,0.0067
19960131,0.0226,0.0043,0.05,0.01612788,0.005863192,0.001383944,0.0066
19960229,0.0133,0.0039,0.0483,0.016802823,0.003238342,0.001267622,0.0064
19960329,0.0073,0.0039,0.0496,0.016892864,0.005164622,0.001741708,0.0068
19960430,0.0206,0.0046,0.0495,0.021127602,0.003853565,0.000981834,0.0069
19960531,0.0236,0.0042,0.0502,0.026394657,0.001919386,0.00112531,0.0068
19960628,-0.0114,0.004,0.0509,0.027192508,0.00063857,0.000394793,0.0069
19960731,-0.0597,0.0045,0.0515,0.031111191,0.001914486,0.002355153,0.0070
19960830,0.0277,0.0041,0.0505,0.030862708,0.001910828,0.001121505,0.0072
19960930,0.0501,0.0044,0.0509,0.029552418,0.00317864,0.000686235,0.0069
19961031,0.0086,0.0042,0.0499,0.025624866,0.003168568,0.000606628,0.0068
19961129,0.0625,0.0041,0.0503,0.022037949,0.001895136,0.000703722,0.0069
19961231,-0.017,0.0046,0.0491,0.024096962,0,0.001709075,0.0069
19970131,0.0498,0.0045,0.0503,0.024379322,0.003152585,0.001360087,0.0067
19970228,-0.0049,0.0039,0.0501,0.022884351,0.003142678,0.00147476,0.0063
19970331,-0.0502,0.0043,0.0514,0.021119585,0.002506266,0.002001484,0.0063
19970430,0.0404,0.0043,0.0516,0.016916245,0.00125,0.003005057,0.0061
19970530,0.0674,0.0049,0.0505,0.013265768,-0.00062422,0.00200742,0.0062
19970630,0.041,0.0037,0.0493,0.010848342,0.001249219,0.001974443,0.0061
19970731,0.0733,0.0043,0.0505,0.011608465,0.001247661,0.002010166,0.0061
19970829,-0.0415,0.0041,0.0514,0.012892663,0.001869159,0.002464728,0.0060
19970930,0.0535,0.0044,0.0495,0.014651817,0.002487562,0.002626512,0.0055
19971031,-0.038,0.0042,0.0497,0.016281814,0.00248139,0.009363708,0.0057
19971128,0.0298,0.0039,0.0514,0.015687658,-0.000618812,0.00266212,0.0055
19971231,0.0132,0.0048,0.0516,0.015579464,-0.00123839,0.002249391,0.0056
19980130,0.0015,0.0043,0.0504,0.013759498,0.001859888,0.00246889,0.0058
19980227,0.0704,0.0039,0.0509,0.012074948,0.001856436,0.001053364,0.0058
19980331,0.0476,0.0039,0.0503,0.016505986,0.001852996,0.001136788,0.0060
19980430,0.0073,0.0043,0.0495,0.016427031,0.001849568,0.001614758,0.0064
19980529,-0.0307,0.004,0.05,0.019098342,0.001846154,0.000958824,0.0061
19980630,0.0318,0.0041,0.0498,0.024030645,0.001228501,0.00209733,0.0060
19980731,-0.0246,0.004,0.0496,0.025362412,0.001226994,0.002228143,0.0060
19980831,-0.1608,0.0043,0.049,0.028529818,0.00122549,0.009334017,0.0062
19980930,0.0615,0.0046,0.0461,0.024092497,0.00122399,0.009970951,0.0069
19981030,0.0713,0.0032,0.0396,0.020749168,0.002444988,0.005171595,0.0081
19981130,0.061,0.0031,0.0441,0.022012607,0,0.001936735,0.0093
19981231,0.0616,0.0038,0.0439,0.020063813,-0.000609756,0.003286907,0.0101
19990129,0.035,0.0035,0.0434,0.015593704,0.002440513,0.003335623,0.0105
19990226,-0.0408,0.0035,0.0444,0.018453648,0.001217286,0.00348213,0.0099
19990331,0.0345,0.0043,0.0444,0.020676476,0.003039514,0.003213553,0.0091
19990430,0.0433,0.0037,0.0429,0.02518791,0.007272727,0.002726647,0.0084
19990528,-0.0246,0.0034,0.045,0.025904113,0,0.003085638,0.0079
19990630,0.0477,0.004,0.0457,0.018874173,0,0.002409247,0.0079
19990730,-0.0347,0.0038,0.0455,0.019373117,0.003008424,0.001611182,0.0076
19990831,-0.0138,0.0039,0.0472,0.018889232,0.00239952,0.002729877,0.0075
19990930,-0.0281,0.0039,0.0468,0.020389721,0.004787552,0.002704945,0.0081
19991029,0.0613,0.0039,0.0486,0.020455527,0.001786778,0.004875934,0.0083
19991130,0.0337,0.0036,0.0507,0.018289805,0.00059453,0.001354258,0.0079
19991231,0.0772,0.0044,0.052,0.017899258,0,0.001148772,0.0064
20000131,-0.0474,0.0041,0.0532,0.025371473,0.002970885,0.005206354,0.0055
20000229,0.0245,0.0043,0.0555,0.027431807,0.005924171,0.003000422,0.0061
20000331,0.052,0.0047,0.0569,0.018301535,0.008244994,0.00667834,0.0069
20000428,-0.064,0.0046,0.0566,0.011962215,0.000584112,0.007941721,0.0076
20000531,-0.0442,0.005,0.0579,0.009196379,0.001167542,0.005185498,0.0091
20000630,0.0464,0.004,0.0569,0.007141253,0.005247813,0.002359743,0.0081
20000731,-0.0251,0.0048,0.0596,0.004732972,0.002320186,0.002065471,0.0070
20000831,0.0703,0.005,0.0609,0.004689132,0,0.001039275,0.0071
20000929,-0.0545,0.0051,0.06,0.004483376,0.005208333,0.001599983,0.0073
20001031,-0.0276,0.0056,0.0611,0.003757796,0.001727116,0.005568073,0.0079
20001130,-0.1072,0.0051,0.0617,0.001168596,0.000574713,0.003272437,0.0083
20001229,0.0119,0.005,0.0577,-0.002251218,-0.000574383,0.005299359,0.0081
20010131,0.0313,0.0054,0.0515,-0.00318264,0.006321839,0.004941048,0.0078
20010228,-0.1005,0.0038,0.0488,-0.006845499,0.003997716,0.002528447,0.0077
20010330,-0.0726,0.0042,0.0442,-0.005201836,0.002275313,0.007139632,0.0086
20010430,0.0794,0.0039,0.0387,-0.00254298,0.003972758,0.00742621,0.0087
20010531,0.0072,0.0032,0.0362,-0.000248776,0.004522329,0.002536247,0.0078
20010629,-0.0194,0.0028,0.0349,0.005041314,0.001688239,0.001508369,0.0079
20010731,-0.0213,0.003,0.0351,0.007914626,-0.002808989,0.002899595,0.0084
20010831,-0.0646,0.0031,0.0336,0.009919689,0,0.002221486,0.0083
20010928,-0.0925,0.0028,0.0264,0.008653075,0.004507042,0.007167587,0.0086
20011031,0.0246,0.0022,0.0216,0.010751014,-0.003365115,0.003249758,0.0088
20011130,0.0754,0.0017,0.0187,0.011163987,-0.001688239,0.002189351,0.0084
20011231,0.0161,0.0015,0.0169,0.013468982,-0.003945885,0.001797955,0.0128
20020131,-0.0144,0.0014,0.0165,0.011195361,0.002263724,0.002183889,0.0132
20020228,-0.0229,0.0013,0.0173,0.012503174,0.003952569,0.002567832,0.0138
20020328,0.0424,0.0013,0.0179,0.01376413,0.005624297,0.002014824,0.0130
20020430,-0.052,0.0015,0.0172,0.015112368,0.005592841,0.002319717,0.0127
20020531,-0.0138,0.0014,0.0173,0.022287913,0,0.004101625,0.0134
20020628,-0.0721,0.0013,0.017,0.027534765,0.000556174,0.003707969,0.0132
20020731,-0.0818,0.0015,0.0168,0.028454262,0.001111729,0.015342791,0.0137
20020830,0.005,0.0014,0.0162,0.024755282,0.003331483,0.009409278,0.0121
20020930,-0.1035,0.0014,0.0163,0.029308089,0.00166021,0.007366061,0.0125
20021031,0.0784,0.0014,0.0158,0.025678597,0.001657459,0.011589679,0.0141
20021129,0.0596,0.0012,0.0123,0.022913898,0,0.004449081,0.0131
20021231,-0.0576,0.0011,0.0119,0.025738128,-0.002206288,0.00263948,0.0124
20030131,-0.0257,0.001,0.0117,0.028295502,0.004422333,0.005167513,0.0118
20030228,-0.0188,0.0009,0.0117,0.027915401,0.007705008,0.00256416,0.0111
20030331,0.0109,0.001,0.0113,0.024101209,0.006007646,0.006136133,0.0106
20030430,0.0822,0.001,0.0113,0.01996979,-0.002171553,0.003064828,0.0111
20030530,0.0605,0.0009,0.0107,0.006443521,-0.001632209,0.002228351,0.0116
20030630,0.0142,0.001,0.0092,0.001255941,0.001089918,0.001997741,0.0122
20030731,0.0235,0.0007,0.009,0.000265293,0.001088732,0.002046059,0.0113
20030829,0.0234,0.0007,0.0095,0.002913624,0.003806417,0.000966025,0.0113
20030930,-0.0124,0.0008,0.0094,0.007321322,0.003250271,0.001869122,0.0107
20031031,0.0608,0.0007,0.0092,0.007210615,-0.001079914,0.001407576,0.0103
20031128,0.0135,0.0007,0.0093,0.010000579,-0.002702703,0.000919633,0.0101
20031231,0.0429,0.0008,0.009,0.006946144,-0.001084011,0.000893699,0.0098
20040130,0.0215,0.0007,0.0088,0.006845975,0.004883342,0.000978819,0.0090
20040227,0.014,0.0006,0.0093,0.009327464,0.005399568,0.000610712,0.0077
20040331,-0.0132,0.0009,0.0094,0.012245644,0.006444683,0.001981263,0.0078
20040430,-0.0183,0.0008,0.0094,0.01373003,0.003201708,0.001230928,0.0073
20040528,0.0117,0.0006,0.0102,0.016285651,0.005851064,0.000977626,0.0071
20040630,0.0186,0.0008,0.0127,0.014447596,0.003172924,0.000770751,0.0077
20040730,-0.0406,0.001,0.0133,0.014675058,-0.001581444,0.000777089,0.0080
20040831,0.0008,0.0011,0.0148,0.014233552,0.000527983,0.001442837,0.0081
20040930,0.016,0.0011,0.0165,0.009086124,0.002110818,0.00070568,0.0081
20041029,0.0143,0.0011,0.0176,0.00738223,0.005265929,0.001230487,0.0074
20041130,0.0454,0.0015,0.0207,0.012134741,0.000523835,0.0008574,0.0068
20041231,0.0343,0.0016,0.0219,0.012955421,-0.003664922,0.000727843,0.0068
20050131,-0.0276,0.0016,0.0233,0.013540179,0.002101944,0.000821397,0.0066
20050228,0.0189,0.0016,0.0254,0.011754522,0.005768222,0.000834446,0.0062
20050331,-0.0197,0.0021,0.0274,0.009090412,0.007820647,0.000859896,0.0066
20050429,-0.0261,0.0021,0.0278,0.007927881,0.006725298,0.001825871,0.0072
20050531,0.0365,0.0024,0.0284,0.004777413,-0.001027749,0.000859393,0.0086
20050630,0.0057,0.0023,0.0297,0.005366365,0.000514403,0.000542133,0.0090
20050729,0.0392,0.0024,0.0322,0.004491235,0.004627249,0.000649913,0.0089
20050831,-0.0122,0.003,0.0344,0.005417238,0.005117707,0.000696701,0.0087
20050930,0.0049,0.0029,0.0342,0.006728309,0.012219959,0.000659899,0.0090
20051031,-0.0202,0.0027,0.0371,0.005760644,0.002012072,0.001817984,0.0095
20051130,0.0361,0.0031,0.0388,0.005780531,-0.008032129,0.000539896,0.0097
20051230,-0.0025,0.0032,0.0389,0.003076503,-0.004048583,0.000433,0.0095
20060131,0.0304,0.0035,0.0424,-0.00043587,0.007621951,0.000975388,0.0095
20060228,-0.003,0.0034,0.0443,0.002046846,0.002017146,0.000648551,0.0092
20060331,0.0146,0.0037,0.0451,0.002160143,0.005535984,0.000545238,0.0088
20060428,0.0073,0.0036,0.046,-0.003466064,0.008508509,0.000599801,0.0084
20060531,-0.0357,0.0043,0.0472,-0.002648098,0.004962779,0.001355149,0.0080
20060630,-0.0035,0.004,0.0479,-0.002186434,0.001975309,0.002102821,0.0089
20060731,-0.0078,0.004,0.0495,-0.002364368,0.002957122,0.001451665,0.0091
20060831,0.0203,0.0042,0.0496,-0.008472994,0.001965602,0.000469238,0.0091
20060929,0.0184,0.0041,0.0481,-0.00949225,-0.004904365,0.000513377,0.0092
20061031,0.0323,0.0041,0.0492,-0.008929156,-0.00542139,0.000450577,0.0091
20061130,0.0171,0.0042,0.0494,-0.015105631,-0.00148662,0.000592203,0.0087
20061229,0.0087,0.004,0.0485,-0.015031339,0.001488834,0.000357509,0.0090
20070131,0.014,0.0044,0.0498,-0.01398128,0.003052527,0.000450485,0.0094
20070228,-0.0196,0.0038,0.0503,-0.015135316,0.005350368,0.001476815,0.0089
20070330,0.0068,0.0043,0.0494,-0.012479368,0.009105696,0.001587551,0.0097
20070430,0.0349,0.0044,0.0487,-0.008904973,0.006496163,0.000582144,0.0092
20070531,0.0324,0.0041,0.0473,-0.010275742,0.006110719,0.00069655,0.0092
20070629,-0.0196,0.004,0.0461,-0.011057192,0.001937975,0.001472429,0.0091
20070731,-0.0373,0.004,0.0482,-0.015250739,-0.000254377,0.002426262,0.0092
20070831,0.0092,0.0042,0.042,-0.012193656,-0.001833902,0.005134044,0.0086
20070928,0.0322,0.0032,0.0389,-0.013011135,0.002755907,0.001868431,0.0085
20071031,0.018,0.0032,0.039,-0.017956965,0.002139191,0.001682891,0.0082
20071130,-0.0483,0.0034,0.0327,-0.025209614,0.005939618,0.00563682,0.0096
20071231,-0.0087,0.0027,0.03,-0.04159086,-0.000670863,0.002345333,0.0116
20080131,-0.0636,0.0021,0.0275,-0.044186507,0.004970577,0.004831799,0.0121
20080229,-0.0309,0.0013,0.0212,-0.050636596,0.002904112,0.003225655,0.0129
20080331,-0.0093,0.0017,0.0126,-0.052875772,0.008668213,0.006337649,0.0138
20080430,0.046,0.0018,0.0129,-0.049831886,0.006064778,0.002903691,0.0142
20080530,0.0186,0.0018,0.0173,-0.046379119,0.008420886,0.001640662,0.0136
20080630,-0.0844,0.0017,0.0186,-0.048388689,0.010076997,0.003425177,0.0139
20080731,-0.0077,0.0015,0.0163,-0.04796779,0.005251011,0.004465911,0.0149
20080829,0.0153,0.0013,0.0172,-0.047467472,-0.003991562,0.003447891,0.0151
20080930,-0.0924,0.0015,0.0113,-0.050333214,-0.001383019,0.023774695,0.0166
20081031,-0.1723,0.0008,0.0067,-0.057679159,-0.010101333,0.058088493,0.0260
20081128,-0.0786,0.0003,0.0019,-0.054578046,-0.019152895,0.036257085,0.0309
20081231,0.0174,0,0.0003,-0.024795418,-0.010342474,0.020089947,0.0338
20090130,-0.0812,0,0.0013,-0.025376452,0.004352417,0.011971097,0.0309
20090227,-0.101,0.0001,0.003,-0.025293993,0.004972933,0.009961162,0.0281
20090331,0.0895,0.0002,0.0021,-0.03779079,0.002431749,0.020364428,0.0292
20090430,0.1019,0.0001,0.0016,-0.031389448,0.002496368,0.007551066,0.0300
20090529,0.0521,0,0.0018,-0.024806421,0.002888764,0.006381091,0.0252
20090630,0.0043,0.0001,0.0018,-0.022540228,0.008589892,0.003472523,0.0189
20090731,0.0772,0.0001,0.0018,-0.014190566,-0.001585587,0.003771153,0.0168
20090831,0.0333,0.0001,0.0017,-0.008173612,0.00224285,0.002177735,0.0132
20090930,0.0408,0.0001,0.0012,-6.30893E-05,0.000625481,0.001912658,0.0118
20091030,-0.0259,0,0.0007,0.003147293,0.000963101,0.003898019,0.0114
20091130,0.0556,0,0.0005,0.007464781,0.000707753,0.002001332,0.0113
20091231,0.0275,0.0001,0.0005,0.010534175,-0.001761198,0.000933454,0.0111
20100129,-0.0336,0,0.0006,0.013350084,0.003417474,0.001991705,0.0099
20100226,0.034,0,0.0011,0.013862576,0.000249207,0.002373256,0.0099
20100331,0.0631,0.0001,0.0015,0.026336935,0.004106284,0.000633437,0.0100
20100430,0.02,0.0001,0.0016,0.02661712,0.001736885,0.001793867,0.0096
20100528,-0.0789,0.0001,0.0016,0.025682674,0.000775197,0.008107791,0.0109
20100630,-0.0556,0.0001,0.0012,0.018726192,-0.000976267,0.005591726,0.0135
20100730,0.0693,0.0001,0.0016,0.015517881,0.000211043,0.003348826,0.0129
20100831,-0.0477,0.0001,0.0016,0.011119942,0.001380664,0.002704607,0.0117
20100930,0.0954,0.0001,0.0015,0.003239012,0.000581736,0.002337192,0.0113
20101029,0.0388,0.0001,0.0013,0.007144136,0.001245199,0.001080044,0.0104
20101130,0.006,0.0001,0.0014,0.014758996,0.000420646,0.001737916,0.0105
20101231,0.0682,0.0001,0.0014,0.012573447,0.001718441,0.00083212,0.0108
20110131,0.0199,0.0001,0.0015,0.015335963,0.00476323,0.00086324,0.0105
20110228,0.0349,0.0001,0.0013,0.015896172,0.004931365,0.001065549,0.0093
20110331,0.0045,0.0001,0.001,0.012454603,0.009751072,0.002347269,0.0090
20110429,0.029,0,0.0006,0.009363216,0.00643943,0.000636542,0.0086
20110531,-0.0127,0,0.0004,0.009095166,0.004704188,0.000934191,0.0082
20110630,-0.0175,0,0.0004,0.011719111,-0.001070967,0.002294749,0.0076
20110729,-0.0236,0,0.0004,0.012369536,0.000886046,0.001830759,0.0083
20110831,-0.0599,0.0001,0.0002,0.012768099,0.002757589,0.019222199,0.0099
20110930,-0.0759,0,0.0001,0.013093152,0.001518462,0.006915736,0.0118
20111031,0.1135,0,0.0002,0.007929168,-0.002062683,0.007400881,0.0139
20111130,-0.0028,0,0.0001,-0.004334173,-0.000843561,0.007679543,0.0127
20111230,0.0074,0,0.0001,-0.006494089,-0.002466516,0.002764065,0.0132
20120131,0.0505,0,0.0003,-0.013068733,0.004400191,0.000648156,0.0138
20120229,0.0442,0,0.0009,-0.014465084,0.004402974,0.000623691,0.0129
20120330,0.0311,0,0.0008,-0.013771428,0.007594559,0.001155302,0.0124
20120430,-0.0085,0,0.0008,-0.012402348,0.00302103,0.001627534,0.0123
20120531,-0.0619,0.0001,0.0009,-0.016060054,-0.001173479,0.001496093,0.0127
20120629,0.0389,0,0.0009,-0.019818703,-0.001466397,0.003437258,0.0138
20120731,0.0079,0,0.001,-0.021089524,-0.001629786,0.001552866,0.0147
20120831,0.0255,0.0001,0.001,-0.020534207,0.005565158,0.000727126,0.0143
20120928,0.0273,0.0001,0.0011,-0.018151636,0.004462212,0.001044683,0.0135
20121031,-0.0176,0.0001,0.001,-0.016441649,-0.000388925,0.000925526,0.0111
20121130,0.0078,0.0001,0.0009,-0.012809576,-0.004738087,0.001902651,0.0101
20121231,0.0118,0.0001,0.0007,-0.012256741,-0.002693065,0.001035712,0.0098
20130131,0.0557,0,0.0007,-0.00867824,0.002957304,0.00090677,0.0093
20130228,0.0129,0,0.001,-0.009524932,0.00819003,0.001242766,0.0095
20130328,0.0403,0,0.0009,-0.009549158,0.002614509,0.000484499,0.0092
20130430,0.0155,0,0.0006,-0.008667946,-0.00103964,0.00168273,0.0086
20130531,0.028,0,0.0004,-0.004688893,0.001780408,0.00101556,0.0084
20130628,-0.012,0,0.0005,0.000146367,0.002399708,0.002247641,0.0092
20130731,0.0565,0,0.0004,0.008390345,0.000393998,0.000502077,0.0098
20130830,-0.0271,0,0.0004,0.01035807,0.001202932,0.000950438,0.0088
20130930,0.0377,0,0.0002,0.010144594,0.001163005,0.000622229,0.0083
20131031,0.0418,0,0.0005,0.009647535,-0.002575283,0.001438361,0.0078
20131129,0.0312,0,0.0007,0.010345969,-0.002042424,0.000644417,0.0075
20131231,0.0281,0,0.0007,0.012184539,-8.58115E-05,0.000745536,0.0076
20140131,-0.0332,0,0.0004,0.013793184,0.003720248,0.001303569,0.0070
20140228,0.0465,0,0.0005,0.016619269,0.003697909,0.001253563,0.0065
20140331,0.0043,0,0.0005,0.016464192,0.006440044,0.000869064,0.0068
20140430,-0.0019,0,0.0003,0.016697256,0.003296755,0.001362664,0.0066
20140530,0.0206,0,0.0003,0.014026404,0.00349261,0.000555193,0.0060
20140630,0.0261,0,0.0004,0.01393093,0.001862127,0.000281999,0.0055
20140731,-0.0204,0,0.0003,0.008472981,-0.000390194,0.000949121,0.0057
20140829,0.0424,0,0.0003,0.006769699,-0.001670514,0.000546197,0.0061
20140930,-0.0197,0,0.0002,0.008024052,0.000752569,0.000721014,0.0069
20141031,0.0252,0,0.0002,0.00806826,-0.002512278,0.002943964,0.0077
20141128,0.0255,0,0.0002,0.00692583,-0.005399418,0.000150262,0.0087
20141231,-0.0006,0,0.0003,0.005642191,-0.005670101,0.001992841,0.0095
20150130,-0.0311,0,0.0003,0.000212059,-0.004705892,0.002226648,0.0099
20150227,0.0613,0,0.0002,-0.003763512,0.004343045,0.00081352,0.0090
20150331,-0.0112,0,0.0003,-0.006900185,0.005951722,0.00172038,0.0090
20150430,0.0059,0,0.0002,-0.007084795,0.002032873,0.000574338,0.0096
20150529,0.0136,0,0.0002,-0.007509597,0.005097232,0.000887003,0.0091
20150630,-0.0153,0,0.0002,-0.008097601,0.00350287,0.001052136,0.0094
20150731,0.0154,0,0.0003,-0.008069669,6.70472E-05,0.001159778,0.0105
20150831,-0.0604,0,0.0007,-0.009534847,-0.001416276,0.005846996,0.0115
20150930,-0.0308,0,0.0002,-0.012922817,-0.001556757,0.004053479,0.0127
20151030,0.0775,0,0.0002,-0.016208166,-0.000449684,0.001618901,0.0139
20151130,0.0056,0,0.0012,-0.017810131,-0.00211068,0.001118722,0.0140
20151231,-0.0217,0.0001,0.0023,-0.021610808,-0.003417096,0.002838566,0.0149
20160129,-0.0577,0.0001,0.0026,-0.020262332,0.001653102,0.004301248,0.0145
20160229,-0.0007,0.0002,0.0031,-0.024023277,0.000823077,0.002601507,0.0138
20160331,0.0696,0.0002,0.0029,-0.022999292,0.004306,0.001274177,0.0131
20160429,0.0092,0.0001,0.0023,-0.023553756,0.004741068,0.000817784,0.0117
20160531,0.0178,0.0001,0.0027,-0.027005163,0.004045791,0.000995577,0.0103
20160630,-0.0005,0.0002,0.0027,-0.028682753,0.003284366,0.002864437,0.0103
20160729,0.0395,0.0002,0.003,-0.031666425,-0.001618136,0.000477647,0.0094
20160831,0.005,0.0002,0.003,-0.030725398,0.00091843,0.000279168,0.0092
20160930,0.0025,0.0002,0.0029,-0.032610368,0.002403996,0.001673103,0.0090
20161031,-0.0202,0.0002,0.0033,-0.028997194,0.001246749,0.00036407,0.0087
20161130,0.0486,0.0001,0.0045,-0.027361005,-0.001555461,0.000946368,0.0085
20161230,0.0182,0.0003,0.0051,-0.025011606,0.000327321,0.000524022,0.0077
20170131,0.0194,0.0004,0.0051,-0.022562162,0.005827728,0.000331203,0.0074
20170228,0.0357,0.0004,0.0052,-0.018620967,0.003146117,0.000224286,0.0069
20170331,0.0017,0.0003,0.0074,-0.016150661,0.000812798,0.000562886,0.0067
20170428,0.0109,0.0005,0.008,-0.015497232,0.002965533,0.000383896,0.0070
20170531,0.0106,0.0006,0.0089,-0.010100359,0.000854722,0.000501932,0.0070
20170630,0.0078,0.0006,0.0098,-0.009702263,0.000907111,0.000449952,0.0069
20170731,0.0187,0.0007,0.0107,-0.013103943,-0.000689923,0.000258164,0.0069
20170831,0.0016,0.0009,0.0101,-0.01213793,0.002994452,0.000752794,0.0068
20170929,0.0251,0.0009,0.0103,-0.011027418,0.005294906,0.000251328,0.0067
20171031,0.0225,0.0009,0.0107,-0.012358283,-0.000632042,0.000224431,0.0072
20171130,0.0312,0.0008,0.0123,-0.012242601,2.43247E-05,0.000360516,0.0070
20171229,0.0106,0.0009,0.0132,-0.019946124,-0.000587832,0.000238835,0.0071
20180131,0.0558,0.0011,0.0141,-0.015914671,0.005447745,0.000771785,0.0071
20180228,-0.0365,0.0011,0.0157,-0.015100437,0.00453469,0.005321468,0.0069
20180329,-0.0235,0.0012,0.017,-0.012535134,0.002261126,0.003242701,0.0077
20180430,0.0029,0.0014,0.0176,-0.012871499,0.003975092,0.002370142,0.0082
20180531,0.0265,0.0014,0.0186,-0.01321842,0.004158917,0.000916505,0.0083
20180629,0.0048,0.0014,0.019,-0.016144513,0.001593876,0.000618541,0.0087
20180731,0.0319,0.0016,0.0196,-0.01170647,6.75E-05,0.000653241,0.0092
20180831,0.0344,0.0016,0.0203,-0.01594005,0.000555542,0.000478571,0.0089
20180928,0.0006,0.0015,0.0213,-0.015685321,0.001162025,0.000232072,0.0090
20181031,-0.0768,0.0019,0.0225,-0.015957342,0.001766763,0.004590011,0.0093
20181130,0.0169,0.0018,0.0233,-0.019933894,-0.003349349,0.002856067,0.0100
20181231,-0.0955,0.0019,0.0237,-0.014207361,-0.003193963,0.006859556,0.0111
