public_date,_0,_1,_2,_3,_4,_5,_6,_7,_8,_9
1976-01-31,0.044961,0.006161,0.018912,0.004910,-0.017359,0.005578,-0.013029,0.004513,0.045354,0.045966
1976-02-29,-0.010677,0.019896,0.008789,0.035283,0.018904,0.027568,0.029505,0.048865,0.020029,0.035261
1976-03-31,-0.007596,0.000640,-0.000802,-0.002549,-0.005078,-0.000557,-0.017550,-0.028861,-0.025968,-0.034956
1976-04-30,-0.039803,0.002207,0.004594,-0.013286,-0.010518,0.001008,-0.016015,-0.014867,-0.017978,-0.023550
1976-05-31,0.035098,0.044648,0.037830,0.046142,0.063965,0.034375,0.051320,0.043606,0.038582,0.071379
1976-06-30,-0.013896,-0.003288,-0.000886,-0.001926,0.000360,-0.000972,-0.011658,-0.012678,-0.010615,-0.013197
1976-07-31,-0.038584,-0.012413,-0.003208,-0.011906,-0.002186,0.002114,0.012283,0.003716,-0.010479,-0.018718
1976-08-31,0.026951,0.029054,0.022924,0.031581,0.018537,0.027215,0.023831,0.041034,0.002096,0.026617
1976-09-30,-0.025403,-0.013536,-0.025161,-0.007706,-0.019974,-0.018529,-0.021433,-0.025799,-0.021697,-0.036572
1976-10-31,0.040556,0.004661,0.015674,0.020489,0.022032,-0.006020,-0.000001,0.004359,0.007388,0.025739
1976-11-30,0.057977,0.095581,0.066149,0.055702,0.063829,0.053866,0.064840,0.045132,0.058484,0.071989
1976-12-31,-0.003630,-0.033128,-0.028125,-0.025207,-0.038133,-0.036356,-0.041037,-0.048352,-0.053805,-0.032265
1977-01-31,-0.008525,-0.020136,-0.010210,-0.018059,-0.016900,-0.015018,-0.010866,-0.022125,-0.022334,-0.020220
1977-02-28,0.002142,-0.000980,-0.002961,-0.007641,0.002483,-0.011193,-0.013627,-0.012329,-0.028289,0.002516
1977-03-31,0.013238,0.023146,0.018426,0.018310,0.010680,0.018143,-0.026949,-0.016162,0.006890,0.024994
1977-04-30,-0.010348,-0.006403,-0.005938,-0.009494,-0.007689,-0.014846,-0.002308,-0.024409,-0.004685,-0.012785
1977-05-31,0.042342,0.040208,0.043770,0.041685,0.051230,0.038903,0.062477,0.061840,0.058012,0.089485
1977-06-30,-0.009662,-0.017460,-0.013125,-0.018823,-0.014082,-0.017128,-0.001335,-0.015750,-0.015578,-0.016571
1977-07-31,-0.003552,-0.035725,-0.027796,-0.013555,-0.015744,-0.025011,-0.006994,-0.004787,0.004718,0.002673
1977-08-31,0.003949,0.000073,0.002581,-0.000456,0.005757,0.010131,-0.010123,-0.004469,0.006505,-0.004068
1977-09-30,-0.041286,-0.032090,-0.037992,-0.034132,-0.036424,-0.034509,-0.036577,-0.041678,-0.060225,-0.043002
1977-10-31,0.049025,0.043160,0.054540,0.046054,0.051463,0.028001,0.048564,0.054568,0.036420,0.101722
1977-11-30,-0.002265,0.019743,0.014714,0.003885,0.013114,0.010788,0.004428,0.013129,-0.011614,0.003431
1977-12-31,-0.030280,-0.064311,-0.058970,-0.045218,-0.061478,-0.056826,-0.049267,-0.059349,-0.065692,-0.052317
1978-01-31,-0.019838,-0.013059,-0.009729,-0.013909,-0.009869,-0.004066,-0.022789,-0.015876,0.006763,0.006842
1978-02-28,0.055835,0.055093,0.045834,0.024818,0.036053,0.032656,0.001242,0.050529,0.043658,0.064754
1978-03-31,0.047613,0.081893,0.072765,0.059991,0.088295,0.057819,0.097464,0.103186,0.104909,0.124735
1978-04-30,0.065665,0.047155,0.024579,0.016240,0.029290,0.012860,0.009750,0.025931,0.019252,0.065703
1978-05-31,-0.004122,-0.002697,-0.009068,-0.004398,-0.009772,-0.007058,-0.020261,-0.003873,-0.024407,-0.011850
1978-06-30,0.058027,0.047064,0.047752,0.044738,0.056925,0.034754,0.063474,0.074897,0.063639,0.089348
1978-07-31,0.053849,0.056892,0.046426,0.038242,0.035643,0.031853,0.046104,0.042485,0.048931,0.049235
1978-08-31,0.007153,0.011782,-0.004341,0.001816,-0.004414,-0.001854,-0.011704,-0.006550,-0.016324,-0.036137
1978-09-30,-0.165716,-0.132579,-0.105822,-0.115655,-0.106108,-0.094358,-0.094177,-0.120662,-0.114055,-0.192744
1978-10-31,0.001110,0.035596,0.025507,0.023222,0.030646,0.036199,0.044695,0.030862,0.055054,0.099957
1978-11-30,0.005464,0.014757,0.012037,0.009884,-0.001084,0.034858,0.015221,0.017613,0.014592,0.026853
1978-12-31,0.063811,0.071414,0.050132,0.059470,0.040924,0.043570,0.047802,0.046058,0.052554,0.074762
1979-01-31,-0.016873,-0.016397,-0.024667,-0.023366,-0.021980,-0.028169,-0.030655,-0.040089,-0.029496,-0.054639
1979-02-28,0.060048,0.058668,0.066600,0.053756,0.040581,0.061799,0.072252,0.070894,0.092584,0.112415
1979-03-31,0.018403,0.002282,0.008150,0.004848,-0.002810,0.002307,0.016203,0.021450,-0.001921,0.008522
1979-04-30,-0.004448,0.000503,-0.013116,-0.006138,-0.006207,-0.021643,-0.020053,-0.016018,-0.022128,-0.019147
1979-05-31,0.030329,0.058613,0.055523,0.048637,0.041037,0.027895,0.052937,0.051804,0.063914,0.053669
1979-06-30,0.017365,0.017133,0.025535,0.030255,0.011762,0.021477,0.004726,0.015515,0.005105,0.032408
1979-07-31,0.095331,0.056715,0.056739,0.059708,0.049452,0.050056,0.074763,0.070263,0.091695,0.085753
1979-08-31,-0.001801,0.003901,-0.014566,0.002282,-0.000876,-0.005641,0.019077,0.009820,-0.025222,0.006648
1979-09-30,-0.096692,-0.079215,-0.040550,-0.078260,-0.067754,-0.074989,-0.069554,-0.081638,-0.072157,-0.099538
1979-10-31,0.099372,0.071188,0.050761,0.069776,0.035961,0.054447,0.063841,0.071085,0.091905,0.127662
1979-11-30,0.138612,0.043624,0.005245,0.014236,0.016987,0.037090,0.018957,0.031211,0.054842,0.060745
1979-12-31,0.122329,0.084454,0.064519,0.033961,0.072767,0.057563,0.057527,0.075898,0.073329,0.092669
1980-01-31,0.020754,-0.002491,0.027877,-0.020051,0.034794,-0.040719,-0.004893,-0.024681,-0.000771,-0.005330
1980-02-29,-0.199068,-0.158750,-0.110002,-0.075761,-0.118019,-0.102135,-0.119450,-0.109300,-0.144238,-0.185619
1980-03-31,0.038825,0.041185,0.048076,0.031168,0.050626,0.077871,0.054187,0.034339,0.052125,0.062677
1980-04-30,0.086905,0.088284,0.081359,0.045261,0.049836,0.053302,0.058811,0.064573,0.066622,0.085849
1980-05-31,0.062152,0.052150,0.038157,0.050548,0.036819,0.034987,0.028607,0.024133,0.032262,0.038662
1980-06-30,0.055601,0.087974,0.052944,0.068789,0.055522,0.051237,0.062751,0.096731,0.095017,0.120941
1980-07-31,0.094914,0.044991,0.056496,0.019540,0.002294,0.039683,0.008277,0.013156,0.018213,0.026358
1980-08-31,0.084382,0.058504,0.049291,0.035995,0.023154,0.028756,0.021444,0.015847,0.020560,0.026513
1980-09-30,0.019027,0.050477,0.022920,0.013978,0.029941,0.034049,0.011791,-0.003165,0.011138,0.012328
1980-10-31,0.082163,0.076679,0.078394,0.082920,0.129205,0.088608,0.140704,0.129452,0.094346,0.105987
1980-11-30,-0.076208,-0.047953,-0.025434,-0.021658,-0.037551,-0.022622,-0.043856,-0.036906,-0.033821,-0.004004
1980-12-31,-0.050927,-0.053032,-0.051418,-0.039593,-0.044031,-0.019169,-0.041344,-0.053687,-0.047963,-0.024258
1981-01-31,-0.007699,0.012141,0.025739,0.016765,0.018985,0.010367,0.002534,0.024292,0.023617,0.050705
1981-02-28,0.151368,0.113874,0.056475,0.032459,0.054465,0.027994,0.040290,0.066237,0.019008,0.079754
1981-03-31,-0.000365,-0.005924,-0.006906,-0.017624,0.002398,-0.014243,-0.016866,-0.027069,0.006717,-0.003464
1981-04-30,0.012511,-0.004328,0.009424,0.018310,0.010434,0.007481,0.010510,-0.006299,0.025362,0.051319
1981-05-31,-0.096830,0.007359,0.019932,0.015560,-0.014209,-0.013884,-0.014829,-0.003719,-0.016193,-0.064691
1981-06-30,0.027690,0.033954,-0.001391,0.000430,-0.002168,0.001093,-0.023175,0.007414,-0.020576,-0.013727
1981-07-31,-0.093615,-0.036674,-0.043864,-0.055208,-0.045089,-0.052481,-0.067313,-0.055236,-0.079475,-0.083665
1981-08-31,-0.091998,-0.102761,-0.056881,-0.043503,-0.055297,-0.066986,-0.057281,-0.064835,-0.045665,-0.064555
1981-09-30,0.059829,0.056924,0.033228,0.019159,0.057933,0.082762,0.061853,0.079191,0.077275,0.134478
1981-10-31,0.068503,0.054836,0.068738,0.046751,0.056489,0.035601,0.039071,0.032223,0.033101,0.032509
1981-11-30,-0.040897,0.010909,-0.022390,-0.019942,-0.033463,-0.023795,-0.026590,-0.052904,-0.029516,-0.037526
1981-12-31,-0.054530,0.012750,-0.034132,-0.004171,-0.035127,-0.017982,-0.043759,-0.029546,-0.017542,-0.053469
1982-01-31,-0.074583,-0.059681,-0.025536,-0.039258,-0.042547,-0.044395,-0.041441,-0.067209,-0.064700,-0.076098
1982-02-28,-0.069638,0.014746,-0.016915,0.003752,-0.012098,-0.001287,-0.014541,-0.019417,-0.001202,-0.033199
1982-03-31,0.059744,0.032369,0.051423,0.021746,0.034169,0.043176,0.055018,0.051308,0.063918,0.066682
1982-04-30,-0.056723,-0.004382,-0.021750,-0.016568,-0.028424,-0.035750,-0.029968,-0.037277,-0.032161,-0.050410
1982-05-31,-0.088545,0.018399,-0.021267,-0.017026,-0.024609,-0.022894,-0.031668,-0.010136,-0.015866,-0.029698
1982-06-30,-0.016845,-0.048071,0.009844,-0.024248,-0.019991,-0.017667,-0.019995,-0.024738,-0.039010,-0.039005
1982-07-31,0.083042,0.137489,0.112071,0.125003,0.115089,0.116551,0.122210,0.124394,0.139496,0.079959
1982-08-31,0.032445,0.011192,0.047565,0.015354,0.015565,0.023708,0.012426,0.020167,0.002157,-0.003487
1982-09-30,0.111453,0.132279,0.096027,0.089723,0.114676,0.119819,0.110872,0.129208,0.145087,0.193433
1982-10-31,0.072145,0.064287,0.072158,0.023368,0.048144,0.047527,0.043890,0.042915,0.077622,0.098066
1982-11-30,0.061796,0.039693,0.066522,0.012108,0.014725,0.008376,-0.000042,-0.002723,-0.025976,-0.025427
1982-12-31,0.068677,0.055407,0.029592,0.056315,0.041042,0.025855,0.036246,0.027926,0.052654,0.086868
1983-01-31,0.010222,0.007975,0.016143,0.018029,0.021586,0.048426,0.044464,0.037861,0.048499,0.072454
1983-02-28,0.050761,0.027973,0.040457,0.035042,0.022954,0.044305,0.038889,0.038045,0.029954,0.011638
1983-03-31,0.107909,0.077235,0.110151,0.064677,0.070353,0.075618,0.067316,0.063823,0.034746,0.089085
1983-04-30,0.061622,0.028273,0.001252,0.017061,0.004273,-0.014367,0.004881,0.022918,0.054220,0.069124
1983-05-31,0.052200,0.033904,0.062534,0.030283,0.029109,0.023637,0.039265,0.052715,0.059913,0.025427
1983-06-30,-0.015368,-0.010095,-0.018316,-0.004221,-0.031088,-0.027607,-0.038921,-0.041667,-0.073433,-0.103586
1983-07-31,-0.047326,0.022650,0.016288,0.009619,0.005215,0.020656,-0.003574,-0.006047,-0.014866,-0.039592
1983-08-31,0.020247,0.027052,0.019426,0.028801,0.029273,0.016483,0.012426,0.015083,0.009572,-0.049421
1983-09-30,-0.036970,-0.042174,0.000269,0.002648,-0.019191,-0.026705,-0.011762,-0.039643,-0.082201,-0.092796
1983-10-31,0.026714,0.029365,0.018024,0.000714,0.020462,0.031580,0.045474,0.039931,0.045903,0.070537
1983-11-30,-0.008453,-0.025370,-0.005624,-0.007236,-0.008007,-0.017257,-0.010157,-0.009095,-0.002051,-0.022499
1983-12-31,-0.007659,-0.017551,-0.003898,0.004845,-0.006966,-0.017278,0.001809,-0.022631,-0.027490,-0.080989
1984-01-31,-0.053606,-0.050651,-0.054435,-0.033689,-0.022306,-0.053815,-0.035154,-0.034711,-0.057208,-0.082229
1984-02-29,-0.009293,0.019240,0.017853,-0.004850,0.018096,0.015694,0.019693,0.020369,0.019889,-0.027321
1984-03-31,-0.010453,-0.004258,-0.010254,0.018835,0.001908,0.007912,0.003262,-0.000468,-0.001554,0.008199
1984-04-30,-0.020671,-0.063645,-0.046316,-0.052921,-0.042887,-0.050937,-0.048624,-0.050787,-0.072377,-0.090423
1984-05-31,-0.000691,0.037616,0.030588,0.029923,0.011415,0.026919,0.037522,0.020144,0.028804,0.041399
1984-06-30,-0.036611,-0.031073,-0.021223,-0.019495,-0.008991,-0.013014,-0.025855,-0.027373,-0.038200,-0.052365
1984-07-31,0.100855,0.106800,0.123112,0.115298,0.106980,0.111040,0.111564,0.113615,0.133773,0.140346
1984-08-31,0.009806,0.015955,-0.004987,0.020172,0.006115,0.004459,-0.003698,-0.017782,-0.019404,-0.056567
1984-09-30,-0.024438,0.004811,0.012691,0.006025,0.003919,0.011600,-0.006513,-0.003535,-0.001966,-0.038494
1984-10-31,-0.012727,-0.009260,-0.001710,-0.003038,-0.011013,-0.001535,-0.019607,-0.010551,-0.021234,-0.068987
1984-11-30,-0.000431,0.017831,0.026567,0.030629,0.018969,0.027221,0.024547,0.020525,0.028461,0.034969
1984-12-31,0.098891,0.089479,0.083287,0.064547,0.088911,0.071779,0.089276,0.091135,0.116974,0.167680
1985-01-31,0.016976,0.033842,0.015209,0.015505,0.017972,0.032230,0.012756,0.014916,0.010390,0.020567
1985-02-28,-0.009739,0.011472,0.011049,-0.001941,0.000212,0.000821,-0.009267,0.010216,-0.024931,-0.063194
1985-03-31,-0.005121,0.005095,0.005923,0.006039,0.000520,-0.003341,-0.008737,0.005469,-0.030070,-0.046006
1985-04-30,0.041376,0.047327,0.057177,0.061163,0.052685,0.062506,0.064838,0.044222,0.071205,0.027379
1985-05-31,0.013748,0.010261,0.038249,0.020958,0.011250,0.019188,0.010524,0.015643,0.013331,0.016968
1985-06-30,0.031411,-0.020298,-0.017760,-0.012154,-0.001211,-0.008637,0.006298,0.003641,0.019831,0.007413
1985-07-31,-0.015309,0.005975,0.002526,0.005099,0.001931,-0.010832,-0.008613,-0.002890,-0.023824,-0.027070
1985-08-31,-0.062368,-0.052861,-0.040897,-0.031827,-0.033575,-0.030013,-0.036379,-0.042308,-0.062731,-0.081147
1985-09-30,0.034257,0.063562,0.069488,0.057255,0.046389,0.052131,0.038307,0.037712,0.013023,0.048007
1985-10-31,0.076139,0.064111,0.062794,0.039284,0.072851,0.081000,0.068428,0.087762,0.083370,0.088576
1985-11-30,0.038910,0.056069,0.051446,0.031239,0.052466,0.045163,0.039457,0.054634,0.038682,0.053060
1985-12-31,0.029276,0.029475,0.018628,0.011222,0.023860,-0.011849,0.020074,0.010786,0.006454,0.035973
1986-01-31,0.075249,0.069866,0.087987,0.070532,0.075511,0.061480,0.090473,0.073493,0.094715,0.077571
1986-02-28,0.048670,0.058808,0.064870,0.049423,0.063969,0.052709,0.059759,0.051898,0.051953,-0.008450
1986-03-31,-0.007858,0.012412,-0.006286,-0.004843,-0.021996,0.003202,-0.011786,-0.023394,-0.021740,0.027537
1986-04-30,0.030904,0.040366,0.050620,0.054961,0.065082,0.044382,0.051005,0.058687,0.046405,0.030373
1986-05-31,0.017689,0.019574,0.029524,0.032287,0.023904,0.007921,0.025028,0.006691,-0.012658,-0.045405
1986-06-30,-0.097166,-0.089066,-0.031952,-0.034078,-0.046512,-0.069359,-0.056940,-0.078035,-0.072751,-0.093745
1986-07-31,0.017015,0.048740,0.065286,0.068798,0.064355,0.074338,0.062764,0.059223,0.080089,0.066775
1986-08-31,-0.081446,-0.063521,-0.084319,-0.072758,-0.079640,-0.074423,-0.098006,-0.082591,-0.085910,-0.094553
1986-09-30,0.040163,0.053210,0.043893,0.042644,0.050957,0.041302,0.068628,0.050139,0.067356,0.090347
1986-10-31,-0.010881,0.003529,0.006169,0.003945,0.016909,0.021290,0.011489,0.036730,0.017373,-0.014904
1986-11-30,-0.045629,-0.028547,-0.021707,-0.021296,-0.031722,-0.030380,-0.011109,-0.029748,-0.042405,-0.046428
1986-12-31,0.138551,0.106715,0.112989,0.111108,0.128822,0.122028,0.127449,0.134598,0.165387,0.144009
1987-01-31,0.122153,0.039512,0.036984,0.026771,0.029680,0.029592,0.059380,0.075035,0.064317,0.077370
1987-02-28,0.013642,0.008630,0.010365,0.022163,0.025848,0.032262,0.023585,0.002032,0.036185,-0.000589
1987-03-31,0.027493,-0.036323,-0.033517,-0.037020,-0.019782,-0.016990,-0.009949,0.004180,-0.010477,0.002129
1987-04-30,-0.031044,0.003537,-0.000734,0.012822,0.003101,0.016068,0.002906,0.006984,-0.003461,0.011526
1987-05-31,-0.000518,0.053751,0.060119,0.034802,0.052726,0.061144,0.051540,0.034900,0.022599,0.012753
1987-06-30,0.015142,0.028898,0.026580,0.048128,0.028993,0.044484,0.065587,0.029133,0.052635,0.095633
1987-07-31,0.003171,0.059586,0.047148,0.030030,0.050797,0.033968,0.023551,0.043329,0.044348,0.066397
1987-08-31,-0.054659,-0.008857,-0.010661,-0.026915,-0.026826,-0.011599,-0.016366,-0.036824,-0.026669,-0.010227
1987-09-30,-0.312887,-0.204286,-0.202738,-0.181993,-0.208959,-0.213954,-0.237118,-0.250492,-0.287945,-0.327144
1987-10-31,-0.092948,-0.033065,-0.079990,-0.059217,-0.061521,-0.069513,-0.085926,-0.086966,-0.068132,-0.089292
1987-11-30,0.048623,0.072430,0.073975,0.087712,0.104630,0.065351,0.067918,0.059614,0.068467,0.100388
1987-12-31,0.037216,-0.006795,0.024664,0.026601,0.018533,0.047847,0.041762,0.049900,0.062295,0.070103
1988-01-31,0.075877,0.109992,0.102015,0.076204,0.085572,0.067553,0.050103,0.037443,0.022900,0.028385
1988-02-29,0.043035,0.004598,0.003535,-0.006845,-0.002175,-0.007428,-0.033884,-0.035061,-0.026221,-0.010232
1988-03-31,0.005214,0.010613,0.014667,0.007159,0.006726,0.014643,0.002628,0.007514,0.020056,-0.006105
1988-04-30,0.004465,-0.017435,0.000854,-0.021017,-0.006755,-0.017429,0.013375,0.010112,0.016439,-0.009021
1988-05-31,0.067230,0.076211,0.084878,0.082072,0.060657,0.066308,0.061215,0.047315,0.024240,0.033778
1988-06-30,-0.017280,-0.029426,-0.024379,-0.025176,-0.019809,-0.007620,-0.007694,0.002083,0.009160,-0.006798
1988-07-31,-0.048494,-0.043643,-0.039568,-0.023256,-0.028943,-0.026632,-0.028570,-0.029116,-0.014630,-0.018839
1988-08-31,0.000120,0.039855,0.023941,0.043192,0.044793,0.050411,0.039544,0.044091,0.031142,0.039497
1988-09-30,-0.001576,-0.000791,-0.001166,0.014982,0.005319,0.006904,0.028981,0.043752,0.009191,0.020757
1988-10-31,-0.012710,-0.026356,-0.032320,-0.024013,-0.023500,-0.011525,-0.012616,-0.010088,-0.020167,-0.019839
1988-11-30,0.034351,0.032790,0.037623,0.028716,0.027227,0.028556,0.025395,0.009364,0.012099,0.006326
1988-12-31,0.068691,0.058287,0.056983,0.071220,0.069668,0.064504,0.075265,0.065370,0.060087,0.061554
1989-01-31,0.008936,0.001752,-0.005937,-0.012594,-0.004861,-0.016318,-0.024635,-0.027085,-0.021751,-0.006847
1989-02-28,0.000322,0.014475,0.020839,0.014885,0.004501,0.025516,0.043529,0.015386,0.028784,0.027603
1989-03-31,0.043896,0.048856,0.051885,0.056100,0.050877,0.055170,0.054134,0.041689,0.052685,0.064209
1989-04-30,0.005581,0.034262,0.043310,0.036374,0.041000,0.047732,0.051860,0.028201,0.053808,0.062537
1989-05-31,-0.013616,-0.031656,-0.020408,-0.015583,-0.012539,-0.002212,-0.005645,0.005020,-0.002397,-0.026661
1989-06-30,0.037933,0.061936,0.076259,0.067834,0.066753,0.080342,0.091329,0.082086,0.080561,0.135229
1989-07-31,0.074586,0.037111,0.044500,0.033665,0.040113,0.024321,0.017365,0.006391,0.011551,0.010836
1989-08-31,0.004883,-0.011290,-0.012923,-0.024726,-0.010171,-0.018309,-0.009656,0.017255,0.015400,0.053817
1989-09-30,-0.062151,-0.045126,-0.042790,-0.050179,-0.039728,-0.039191,-0.016782,-0.022656,-0.012629,-0.041678
1989-10-31,0.034445,0.015283,0.015022,0.026488,-0.001672,0.012464,0.016618,0.020537,0.025812,0.023047
1989-11-30,-0.010134,0.013692,0.011962,0.025622,0.014693,0.016226,0.016930,0.022439,0.029694,-0.017867
1989-12-31,-0.077500,-0.065294,-0.074783,-0.067842,-0.076327,-0.067623,-0.059041,-0.077577,-0.076012,-0.100287
1990-01-31,0.045448,0.032862,0.015249,0.025972,0.026062,0.017686,0.002028,0.019074,0.014162,0.023371
1990-02-28,0.016424,0.027249,0.032843,0.023340,0.036077,0.022062,0.031543,0.023782,0.012105,0.020631
1990-03-31,-0.051841,-0.045060,-0.039165,-0.031039,-0.033505,-0.033842,-0.009856,-0.023779,-0.030289,-0.037551
1990-04-30,0.081246,0.097561,0.089835,0.083547,0.083162,0.095036,0.101200,0.091018,0.088289,0.062570
1990-05-31,-0.011819,-0.026997,-0.017689,0.005221,-0.007116,-0.009803,0.009569,-0.006211,-0.013444,0.008242
1990-06-30,-0.010473,-0.011554,-0.042270,-0.016996,-0.035115,-0.014987,-0.001218,-0.007254,0.001179,0.007982
1990-07-31,-0.110905,-0.117667,-0.112711,-0.121960,-0.110664,-0.096981,-0.096929,-0.076621,-0.078778,-0.089282
1990-08-31,-0.078339,-0.071604,-0.067437,-0.069077,-0.081739,-0.070532,-0.063416,-0.022040,-0.044208,-0.046793
1990-09-30,-0.058400,-0.064966,-0.032891,-0.031419,-0.042863,-0.025180,0.003914,-0.008346,0.020942,-0.004086
1990-10-31,0.099568,0.082872,0.097375,0.077114,0.091282,0.084476,0.067341,0.059114,0.048641,-0.001712
1990-11-30,0.030002,0.038742,0.047392,0.049501,0.052733,0.043391,0.022155,0.013492,0.030077,0.021638
1990-12-31,0.092496,0.058779,0.081238,0.063975,0.098682,0.043390,0.069247,0.036297,0.015908,0.035588
1991-01-31,0.099217,0.100387,0.088150,0.077585,0.076311,0.085185,0.080823,0.069840,0.059340,0.095081
1991-02-28,0.046316,0.020064,0.024671,0.019565,0.036980,0.035987,0.044182,0.021990,0.021682,0.044030
1991-03-31,-0.011544,-0.024594,0.009233,0.005070,0.010399,0.008248,0.006217,0.003612,-0.012040,0.008364
1991-04-30,0.038642,0.041481,0.049755,0.060369,0.064226,0.045473,0.053811,0.035229,0.018713,0.016096
1991-05-31,-0.036031,-0.046430,-0.036326,-0.044532,-0.053293,-0.065002,-0.049689,-0.036163,-0.036934,-0.053703
1991-06-30,0.040468,0.044050,0.062740,0.033963,0.038667,0.043391,0.050057,0.054099,0.040177,0.063707
1991-07-31,0.024829,0.009740,0.038955,0.007578,0.027691,0.021802,0.035750,0.029259,0.024492,0.034672
1991-08-31,0.010848,-0.014482,-0.021749,-0.003939,-0.021179,-0.008269,-0.029431,-0.006958,0.005682,-0.021356
1991-09-30,0.038543,0.002489,0.023809,0.021296,0.040465,0.007634,-0.001132,0.027196,0.016151,0.000609
1991-10-31,-0.050527,-0.056370,-0.031563,-0.059722,-0.048786,-0.034058,-0.040848,-0.024724,-0.039090,-0.019106
1991-11-30,0.110528,0.104546,0.136563,0.079717,0.120012,0.110333,0.133236,0.108889,0.093131,0.082213
1991-12-31,0.076721,0.064781,0.018261,0.004565,0.026391,0.011855,0.001262,-0.030876,-0.014808,0.026567
1992-01-31,0.030777,0.035538,0.025931,0.019972,0.026816,0.028694,0.036788,0.009150,-0.000911,-0.013750
1992-02-29,-0.052790,-0.045168,-0.027619,-0.018872,-0.017614,-0.022342,-0.014385,-0.011478,-0.036607,-0.023305
1992-03-31,-0.052537,-0.018954,-0.003950,-0.003569,0.002455,0.016475,0.021385,0.016564,0.036912,-0.001318
1992-04-30,-0.001157,-0.004401,0.007910,0.003042,0.006701,-0.000798,0.002532,0.003295,0.010963,0.011888
1992-05-31,-0.036857,-0.051763,-0.043366,-0.039620,-0.028153,-0.023781,-0.022219,-0.015169,-0.009899,-0.011232
1992-06-30,0.002941,0.028472,0.036513,0.028007,0.029723,0.037095,0.029276,0.042553,0.047776,0.063438
1992-07-31,-0.047111,-0.042039,-0.037968,-0.028683,-0.036544,-0.038261,-0.017727,-0.020818,-0.011809,-0.007576
1992-08-31,0.029531,0.008667,0.011629,0.027215,0.029809,0.021771,0.017036,0.014178,-0.001494,0.031585
1992-09-30,0.036951,0.048238,0.013591,0.034714,0.030614,0.009646,0.017335,0.003292,0.000564,0.016514
1992-10-31,0.086577,0.060898,0.046522,0.053999,0.051315,0.038911,0.034119,0.042046,0.036468,0.057236
1992-11-30,0.046703,0.003707,0.038558,0.022542,0.027817,0.013718,0.029119,0.012509,0.007034,0.027267
1992-12-31,0.051904,0.066094,0.031350,0.016015,0.005391,0.010890,0.009599,0.005816,0.007128,0.034488
1993-01-31,-0.050013,-0.033149,-0.012162,-0.002397,-0.004530,0.021348,0.019937,0.008119,0.002595,-0.006824
1993-02-28,0.044778,0.026218,0.039741,0.046447,0.026219,0.022094,0.021240,0.032012,0.011822,0.029036
1993-03-31,-0.037020,-0.016358,-0.018042,-0.016429,-0.039519,-0.046295,-0.020969,-0.012420,-0.028851,-0.050860
1993-04-30,0.113014,0.062739,0.051637,0.048743,0.047373,0.041348,0.025794,0.010567,0.026939,0.048590
1993-05-31,0.022984,0.032394,0.011106,0.018432,-0.005592,0.013654,-0.001889,0.003033,0.003503,0.019613
1993-06-30,0.001721,-0.006042,0.018582,0.003650,-0.000949,-0.000181,0.007893,0.004395,-0.015110,-0.027306
1993-07-31,0.032404,0.045185,0.034565,0.045973,0.051291,0.035794,0.031906,0.031752,0.046751,0.033641
1993-08-31,0.028568,0.050874,0.035271,0.044780,0.013860,-0.012766,-0.005001,-0.010477,-0.000661,-0.001511
1993-09-30,0.028874,0.058924,0.013990,-0.001514,0.020414,0.008563,0.020980,0.007303,0.017592,0.044447
1993-10-31,-0.042393,-0.044450,-0.022027,-0.035497,-0.032129,-0.029535,-0.012187,-0.011581,-0.006171,0.024361
1993-11-30,0.025375,0.017063,0.027688,0.043033,0.038893,0.001034,0.031122,0.008120,0.016019,0.021474
1993-12-31,0.028223,0.049797,0.029140,0.033408,0.034920,0.037234,0.010717,0.029080,0.039605,0.041334
1994-01-31,-0.003922,-0.026840,-0.013809,0.016296,-0.015241,-0.030427,-0.014307,-0.023972,-0.035260,-0.033723
1994-02-28,-0.075468,-0.071384,-0.058825,-0.032917,-0.037031,-0.043401,-0.039415,-0.043253,-0.046413,-0.051162
1994-03-31,-0.041789,-0.017165,-0.005613,-0.013049,0.005134,0.017503,0.011047,0.014407,0.013183,0.020576
1994-04-30,-0.018570,0.020636,0.007372,0.010429,0.013158,0.002641,-0.004372,0.014932,0.008011,0.028585
1994-05-31,-0.068841,-0.033427,-0.032552,-0.033475,-0.025921,-0.023189,-0.022803,-0.035012,-0.014761,-0.038595
1994-06-30,0.034464,0.020978,0.019303,0.055057,0.020390,0.025875,0.037294,0.033017,0.030649,0.026780
1994-07-31,0.066387,0.057154,0.053125,0.067149,0.040630,0.030619,0.034587,0.041647,0.044145,0.079254
1994-08-31,-0.004186,0.002248,-0.017771,-0.024383,-0.012216,-0.007991,-0.032914,-0.023012,-0.032680,0.004619
1994-09-30,0.032050,0.020680,0.014721,0.002299,0.012030,0.011284,0.008687,0.017153,0.038945,0.022914
1994-10-31,-0.050408,-0.049287,-0.059261,-0.066490,-0.049818,-0.029435,-0.029188,-0.027686,-0.034731,-0.035469
1994-11-30,0.010024,0.015896,0.002630,0.014870,0.018164,0.009930,0.019166,0.013253,0.009481,-0.000435
1994-12-31,-0.015620,-0.010544,0.013809,0.006232,0.015171,0.037151,0.031721,0.024694,0.016834,0.007018
1995-01-31,0.061560,0.050047,0.053266,0.036374,0.034049,0.031518,0.034612,0.044639,0.053794,0.045163
1995-02-28,0.018643,0.028489,0.003272,0.019807,0.024659,0.020440,0.023945,0.032385,0.037423,0.014877
1995-03-31,0.013762,0.018754,0.030318,0.030790,0.014357,0.031673,0.026074,0.024951,0.028516,0.019953
1995-04-30,0.027106,0.030809,0.056171,0.018474,0.021691,0.041040,0.039852,0.039046,0.033414,0.017525
1995-05-31,0.085509,0.079287,0.076434,0.070408,0.045257,0.027531,0.020705,0.021487,0.019908,0.041077
1995-06-30,0.086327,0.074783,0.069883,0.072879,0.051293,0.026230,0.029695,0.032842,0.052580,0.047814
1995-07-31,0.022035,0.011037,0.014845,0.013060,0.018123,0.008640,0.000952,0.007452,0.014826,0.039179
1995-08-31,0.034156,0.012096,0.033354,0.028650,0.049617,0.045940,0.043728,0.036779,0.028578,0.017080
1995-09-30,-0.034281,-0.055959,-0.020890,-0.028431,-0.013744,-0.003686,0.010603,-0.008790,-0.022357,-0.040529
1995-10-31,0.007238,0.046019,0.051986,0.016191,0.044136,0.044722,0.039390,0.043121,0.047632,0.072981
1995-11-30,0.002000,0.000583,0.001002,0.027266,0.022422,0.020185,0.020922,0.014501,0.004207,0.001536
1995-12-31,-0.006986,0.050288,0.005994,0.007979,0.024350,0.026068,0.023083,0.036681,0.028792,0.027447
1996-01-31,0.063237,0.049178,0.028152,0.015835,0.017779,0.006662,0.015827,0.018372,0.018561,0.006964
1996-02-29,0.000504,0.010933,-0.017218,0.020214,0.026965,0.003507,0.015334,0.001079,0.023412,0.018415
1996-03-31,0.128138,0.054566,0.069323,0.012995,0.034331,0.037863,0.012727,0.008198,0.006840,0.042010
1996-04-30,0.059799,0.033070,0.041971,0.037104,0.027117,0.032520,0.017417,0.028621,0.017060,0.042162
1996-05-31,-0.078869,-0.017121,-0.014599,-0.017401,-0.023270,-0.001131,-0.001170,0.008812,-0.008346,-0.021339
1996-06-30,-0.148140,-0.079492,-0.084791,-0.055419,-0.071025,-0.055632,-0.043254,-0.039774,-0.048065,-0.084626
1996-07-31,0.094023,0.055080,0.056967,0.044798,0.034771,0.044950,0.032451,0.029289,0.008369,0.031810
1996-08-31,0.087579,0.059895,0.079522,0.073877,0.054181,0.044987,0.051435,0.044358,0.050650,0.059377
1996-09-30,-0.060424,-0.026697,-0.018791,0.030056,-0.013510,0.001811,-0.000894,0.030274,0.040328,0.033002
1996-10-31,0.049147,0.059270,0.067190,0.061581,0.068490,0.079589,0.060914,0.072961,0.062336,0.071071
1996-11-30,-0.030255,-0.013489,-0.024724,-0.018831,0.002484,-0.007466,-0.010898,-0.023167,-0.014410,0.006183
1996-12-31,0.018534,0.040347,0.025472,0.055349,0.051509,0.064382,0.048389,0.053088,0.057793,0.075728
1997-01-31,-0.073691,-0.027805,-0.043130,0.011242,-0.016357,-0.010565,0.013063,0.014466,0.009139,-0.006610
1997-02-28,-0.068570,-0.056996,-0.048859,-0.065559,-0.036798,-0.039074,-0.051575,-0.026415,-0.046353,-0.053149
1997-03-31,0.025429,0.003268,0.018457,0.024725,0.057209,0.012520,0.049121,0.073690,0.057814,0.049902
1997-04-30,0.110364,0.124948,0.076753,0.075613,0.080080,0.065961,0.072039,0.062652,0.060694,0.070190
1997-05-31,0.048220,0.034372,0.064067,0.043891,0.045977,0.029953,0.044512,0.034620,0.058629,0.027855
1997-06-30,0.071247,0.094264,0.078995,0.070742,0.068974,0.057250,0.073460,0.093868,0.074756,0.104979
1997-07-31,-0.008159,0.004825,-0.028423,-0.023188,-0.021881,-0.052044,-0.024393,-0.048203,-0.053806,-0.042326
1997-08-31,0.056097,0.089157,0.046174,0.047168,0.067167,0.057932,0.057637,0.042050,0.059912,0.095860
1997-09-30,-0.049524,-0.058956,-0.018021,-0.020977,-0.035748,-0.044093,-0.031460,-0.035550,-0.026323,-0.056442
1997-10-31,-0.016057,0.002822,0.037493,0.011131,0.001021,0.048402,0.047114,0.053809,0.045849,0.016282
1997-11-30,-0.013681,-0.009306,0.002321,0.006619,0.014610,0.029250,0.016108,0.033175,0.022369,0.002884
1997-12-31,0.014375,0.017392,0.002418,-0.012581,-0.012526,0.022906,-0.010697,0.002859,0.021985,0.007876
1998-01-31,0.105948,0.119559,0.079891,0.091696,0.076890,0.061792,0.072565,0.064073,0.073432,0.073146
1998-02-28,0.035929,0.033322,0.051382,0.053954,0.054680,0.026293,0.059359,0.049361,0.056601,0.062219
1998-03-31,0.027840,0.036750,0.008933,0.025424,0.038051,-0.000734,-0.010708,0.013145,0.008685,-0.005179
1998-04-30,-0.064845,-0.030636,-0.026906,-0.008970,-0.044522,-0.025972,-0.012190,-0.021334,-0.018457,-0.049528
1998-05-31,-0.009822,0.024943,0.002333,0.028518,0.017396,0.020830,0.035897,0.064001,0.038298,0.058509
1998-06-30,-0.086935,-0.024943,-0.032288,-0.050042,-0.046794,-0.002849,-0.033638,-0.017076,0.008221,-0.012821
1998-07-31,-0.193746,-0.149378,-0.145539,-0.144465,-0.143973,-0.130079,-0.134484,-0.190266,-0.193556,-0.259633
1998-08-31,0.063619,0.059881,0.069424,0.091590,0.068716,0.056827,0.091788,0.048455,-0.018100,0.157255
1998-09-30,-0.000675,0.063751,0.048779,0.054399,0.073693,0.073489,0.090492,0.123897,0.146944,0.229645
1998-10-31,0.020557,0.052532,0.066278,0.081043,0.068771,0.058024,0.062235,0.058045,0.066696,0.093707
1998-11-30,0.046076,0.060291,0.071577,0.084007,0.081014,0.078086,0.060930,0.026530,0.056081,0.025896
1998-12-31,-0.016514,0.015246,0.025955,0.095931,0.046408,0.026012,0.005053,0.031851,0.028275,0.075904
1999-01-31,-0.057292,-0.034464,-0.031390,-0.026375,-0.069130,-0.044452,-0.008075,-0.005615,-0.047986,-0.032707
1999-02-28,0.008884,0.008145,-0.003016,0.058745,0.051147,0.044888,0.041908,0.031424,0.068669,0.083729
1999-03-31,0.074944,0.020732,0.038159,0.052777,0.041498,0.035063,0.011251,0.071777,0.064191,0.098770
1999-04-30,0.037009,0.004621,-0.050472,-0.029975,0.011123,-0.012709,-0.036956,-0.013786,-0.026564,-0.053116
1999-05-31,-0.001698,0.025682,0.089904,0.062582,0.061172,0.049171,0.034146,0.021048,0.087719,0.076103
1999-06-30,-0.026400,-0.001310,-0.024160,-0.029489,-0.042787,-0.022168,-0.038845,-0.034849,-0.032462,-0.065589
1999-07-31,0.003018,-0.018440,-0.001752,-0.023180,0.002359,-0.015177,0.004988,-0.061148,-0.013087,-0.000122
1999-08-31,-0.038176,-0.031680,0.012457,-0.053444,-0.020001,-0.031454,-0.037829,-0.061485,-0.009957,-0.013712
1999-09-30,0.019023,0.035993,0.075325,0.056471,0.022165,0.084240,0.095970,0.074040,0.036163,0.151687
1999-10-31,0.013950,0.027127,0.053478,0.009442,0.034272,0.039468,0.027145,0.027941,0.045696,0.058958
1999-11-30,0.025906,-0.000520,0.103508,0.030516,0.125833,0.042069,0.100717,-0.005038,0.071130,0.168649
1999-12-31,-0.003196,-0.040712,0.000282,-0.026122,-0.057430,-0.091080,-0.024074,-0.055254,-0.072819,-0.001207
2000-01-31,0.025174,-0.043195,0.019744,-0.027480,-0.019101,-0.034845,0.039455,-0.013693,0.161636,0.201980
2000-02-29,0.114872,0.126786,0.092240,0.100019,0.048278,0.120109,0.110027,0.037905,0.006863,-0.092877
2000-03-31,-0.025554,-0.002142,0.023865,-0.086645,-0.089338,-0.013138,-0.035133,-0.032440,-0.072759,-0.080922
2000-04-30,0.004820,0.005090,0.009343,-0.049325,-0.077062,-0.007419,-0.032720,-0.045514,-0.034835,-0.132049
2000-05-31,-0.012238,0.028073,-0.006384,0.066493,0.041265,0.004895,0.036604,0.025263,0.104911,0.175420
2000-06-30,-0.001112,-0.003553,-0.040397,0.012295,-0.045552,0.000685,-0.026369,-0.034473,0.001966,-0.038684
2000-07-31,0.076808,0.011944,0.000994,0.078966,0.087343,0.062490,0.058093,0.131974,0.134249,0.224080
2000-08-31,0.005090,0.017345,0.003204,-0.108149,-0.050057,-0.027327,-0.035940,-0.079338,-0.105506,-0.078869
2000-09-30,0.011432,0.050043,0.051580,-0.003762,-0.030974,-0.012377,-0.021910,-0.072198,-0.052083,-0.122894
2000-10-31,-0.043284,-0.029665,-0.002262,-0.062731,-0.146289,-0.095692,-0.079513,-0.130619,-0.186419,-0.271335
2000-11-30,0.016863,0.033315,0.007615,0.016211,0.044123,-0.025896,-0.000160,-0.003867,0.067526,0.073004
2000-12-31,-0.032171,-0.028004,0.002654,-0.002858,0.060048,0.030727,0.063424,0.027508,0.126860,0.145552
2001-01-31,0.008876,-0.034913,-0.050240,-0.009374,-0.091472,-0.092953,-0.078369,-0.191344,-0.161000,-0.324628
2001-02-28,-0.010231,-0.019965,-0.042249,-0.046032,-0.058445,-0.064292,-0.072733,-0.092996,-0.139232,-0.192693
2001-03-31,0.060119,0.066765,0.061367,0.029755,0.075227,0.072912,0.101003,0.087974,0.144373,0.251135
2001-04-30,0.046871,0.014441,0.037134,0.009318,0.008184,0.004608,0.013447,-0.013392,0.002267,-0.045128
2001-05-31,-0.003951,-0.028696,-0.029530,-0.015935,-0.013042,-0.027802,-0.004318,0.007960,-0.021882,-0.027657
2001-06-30,-0.023869,-0.005728,0.018340,0.037083,-0.018864,-0.035795,-0.020637,-0.018544,-0.064074,-0.121167
2001-07-31,-0.005806,-0.013553,-0.062875,-0.028957,-0.055728,-0.063388,-0.080981,-0.100481,-0.082452,-0.135043
2001-08-31,-0.089374,-0.017922,-0.029476,-0.056421,-0.082333,-0.097660,-0.127577,-0.151180,-0.166472,-0.265087
2001-09-30,0.024510,0.001731,0.007774,0.010655,0.004744,0.012837,0.048514,0.057584,0.117295,0.181925
2001-10-31,0.058452,0.009834,0.077888,0.072851,0.069269,0.070885,0.122222,0.099663,0.103505,0.136729
2001-11-30,0.053910,0.036482,0.004511,0.004891,0.038785,0.015579,0.002476,0.017939,0.019198,-0.006955
2001-12-31,-0.016803,-0.013854,-0.005607,-0.002551,-0.016713,-0.054031,0.002816,0.002137,-0.011258,-0.054669
2002-01-31,-0.014027,0.014854,0.012389,-0.013637,-0.011977,-0.008862,-0.040057,-0.078362,-0.075098,-0.157050
2002-02-28,0.075437,0.067747,0.021971,0.023315,0.039046,0.025936,0.043529,0.055414,0.126088,0.151056
2002-03-31,-0.014454,-0.038053,-0.033661,-0.045242,-0.061562,-0.070744,-0.030582,-0.054070,-0.089171,-0.146203
2002-04-30,-0.028213,-0.012525,-0.009277,0.003596,-0.014398,-0.009494,-0.012157,-0.004792,-0.035005,-0.061124
2002-05-31,-0.062725,-0.074190,-0.079944,-0.054571,-0.045755,-0.062773,-0.109475,-0.062415,-0.103410,-0.144236
2002-06-30,-0.111550,-0.068010,-0.062254,-0.086048,-0.063213,-0.095607,-0.077090,-0.086415,-0.144192,-0.103840
2002-07-31,0.002039,0.015468,0.018673,0.011448,0.006152,0.011603,-0.015036,0.015511,-0.010297,-0.014179
2002-08-31,-0.075969,-0.089637,-0.110585,-0.095588,-0.101460,-0.087618,-0.102460,-0.119304,-0.122659,-0.185688
2002-09-30,0.019848,0.051819,0.078901,0.067055,0.102892,0.035646,0.106131,0.090043,0.167722,0.163118
2002-10-31,0.074936,0.035680,0.024696,0.051828,0.057309,0.055466,0.085745,0.086942,0.153722,0.221036
2002-11-30,-0.032810,-0.016967,-0.036358,-0.050522,-0.047742,-0.065645,-0.092235,-0.062319,-0.103811,-0.158687
2002-12-31,-0.001199,-0.034357,-0.021140,-0.036289,-0.034245,-0.035428,-0.017983,0.000139,-0.010957,-0.017383
2003-01-31,-0.003448,-0.020577,-0.014127,-0.039893,-0.015037,-0.009769,-0.024371,-0.006193,-0.003473,-0.003724
2003-02-28,0.037139,0.025226,0.000959,0.015996,0.013954,0.013505,-0.000537,0.000050,0.018687,0.009368
2003-03-31,0.080737,0.045936,0.061075,0.090709,0.075041,0.093509,0.101827,0.106962,0.113522,0.145087
2003-04-30,0.132634,0.053882,0.035188,0.065052,0.042348,0.053672,0.082999,0.074963,0.098808,0.146595
2003-05-31,0.029250,0.010184,-0.001896,0.029685,0.023071,0.006723,0.016182,0.022931,-0.004131,-0.012514
2003-06-30,0.014583,-0.001026,0.016188,-0.000715,0.014350,0.043543,0.038051,0.064593,0.070694,0.061610
2003-07-31,0.035877,0.026578,0.027569,0.009613,0.031389,0.017921,0.004297,0.030066,0.051764,0.101767
2003-08-31,-0.010114,-0.013949,-0.029931,-0.003763,-0.002146,-0.008242,-0.017505,-0.009626,-0.009895,-0.023507
2003-09-30,0.067998,0.043711,0.050649,0.068718,0.031183,0.075425,0.037812,0.086226,0.118628,0.162756
2003-10-31,0.020990,0.025433,0.004376,0.023961,0.014974,-0.000404,0.007630,0.019934,0.038643,0.037752
2003-11-30,0.057822,0.049509,0.037146,0.061587,0.035506,0.064764,0.062901,0.035277,0.001171,-0.002800
2003-12-31,0.023204,0.025533,0.013013,0.014307,0.010789,0.027827,0.016681,0.024163,0.064096,0.031882
2004-01-31,0.035289,0.017442,0.038521,0.023763,0.014493,0.009554,0.015490,0.011360,-0.015286,-0.033819
2004-02-29,0.011070,-0.007369,0.001240,-0.006954,-0.014095,-0.017917,-0.013352,-0.011194,-0.016214,-0.055491
2004-03-31,-0.030167,0.004468,-0.009540,-0.013266,-0.019016,-0.005205,-0.001319,-0.040963,-0.049883,-0.085986
2004-04-30,0.010747,0.022311,0.004446,0.014203,0.003937,0.018172,-0.000328,0.002516,0.042820,0.066019
2004-05-31,0.025735,0.029442,0.030862,0.012141,0.010898,0.021088,0.025321,0.024835,0.017371,-0.008301
2004-06-30,-0.067034,-0.024920,-0.023124,-0.037952,-0.032485,-0.026247,-0.017425,-0.051662,-0.085332,-0.124470
2004-07-31,-0.001918,0.021835,0.003108,0.000807,0.009604,0.005729,0.018571,0.000808,-0.038279,-0.076785
2004-08-31,0.045777,0.014567,0.030904,0.022308,0.016159,-0.002773,0.009001,0.015823,0.042597,0.023841
2004-09-30,0.004941,0.028405,0.020434,0.009863,0.008114,0.018784,-0.014113,0.009892,0.042872,0.086056
2004-10-31,0.062371,0.050649,0.045399,0.040061,0.031551,0.052851,0.049821,0.057580,0.066446,0.048378
2004-11-30,0.042864,0.033239,0.041957,0.025936,0.034427,0.025028,0.052462,0.042934,0.042024,0.042345
2004-12-31,-0.024606,-0.016411,-0.024090,-0.022664,-0.025298,-0.014471,-0.035468,-0.017439,-0.053924,-0.060502
2005-01-31,0.023827,0.016416,0.018449,0.048902,0.011876,0.007449,0.020077,0.000683,0.019190,0.010419
2005-02-28,-0.012772,-0.003293,-0.020867,-0.018433,-0.008165,-0.028349,-0.019446,-0.020625,-0.008654,-0.026994
2005-03-31,-0.044985,-0.033645,-0.026337,-0.024014,-0.032096,-0.021191,-0.012707,-0.012797,-0.016433,-0.032283
2005-04-30,0.062825,0.062262,0.037897,0.022288,0.024873,0.036684,0.027922,0.018566,0.069793,0.090289
2005-05-31,0.037291,0.023022,0.014704,0.013780,-0.010492,0.009564,0.001889,0.009866,0.018939,-0.007117
2005-06-30,0.061220,0.082801,0.069094,0.035475,0.027571,0.029266,0.033274,0.036715,0.050744,0.050246
2005-07-31,0.007741,0.002729,-0.018466,-0.000573,-0.014193,-0.001155,-0.014224,-0.006922,-0.019847,-0.019316
2005-08-31,0.022325,0.017618,0.012901,0.005809,0.022245,0.006490,-0.002939,-0.007618,-0.003870,0.013292
2005-09-30,-0.045207,-0.043227,-0.032995,-0.004377,-0.022654,-0.025135,-0.007354,-0.000885,-0.004615,-0.028743
2005-10-31,0.043496,0.050113,0.050511,0.028088,0.039713,0.040175,0.041318,0.037392,0.040281,0.026231
2005-11-30,0.015739,0.024631,-0.001014,-0.004092,-0.001199,0.006914,-0.011400,0.003700,-0.003307,-0.008187
2005-12-31,0.103409,0.039740,0.054011,0.016886,0.055126,0.051288,0.003921,0.022830,0.038439,-0.002446
2006-01-31,-0.004062,-0.004283,-0.013146,-0.004348,-0.011814,-0.009461,0.003279,0.026527,0.017191,0.006238
2006-02-28,0.024998,0.025148,0.021798,0.027814,0.014601,0.016768,0.014980,0.014721,0.014123,0.018997
2006-03-31,0.018497,0.016415,0.009701,-0.022139,0.021021,0.009518,-0.000018,0.027175,0.020835,0.014911
2006-04-30,-0.078446,-0.051439,-0.040841,-0.032174,-0.026735,-0.026039,-0.032902,-0.012247,-0.031829,-0.031223
2006-05-31,0.004844,-0.016075,-0.008860,0.004674,0.003164,0.003470,0.000689,0.006814,-0.006055,0.001648
2006-06-30,-0.079129,-0.077415,-0.043410,-0.027757,-0.002795,0.014003,-0.002847,0.028419,0.018260,0.012531
2006-07-31,0.062008,0.057579,0.015633,0.027146,0.013682,0.022429,0.028569,0.019154,0.022128,0.037630
2006-08-31,0.018854,0.037865,0.018819,0.034111,0.020629,0.026043,0.025894,0.011039,0.025810,0.009229
2006-09-30,0.066296,0.031595,0.053062,0.032405,0.031754,0.043849,0.029134,0.030508,0.026997,0.053538
2006-10-31,0.022553,0.042061,0.013909,0.023772,0.019568,0.021668,0.021038,0.008053,0.025918,0.032318
2006-11-30,0.017339,0.005819,0.015446,0.007546,0.019127,0.013855,0.012737,0.020569,0.004513,-0.007542
2006-12-31,0.036453,0.055816,0.022494,0.012637,0.007387,0.020150,0.015176,0.015482,0.022860,0.030632
2007-01-31,-0.021454,-0.009260,-0.029464,-0.014012,-0.026523,-0.009541,-0.016261,-0.000957,-0.007969,-0.023969
2007-02-28,0.015148,0.012322,0.009725,0.013479,0.008629,0.015973,0.007630,0.006865,0.005738,0.026883
2007-03-31,0.017494,0.033984,0.042546,0.041640,0.037740,0.042376,0.032565,0.045219,0.044440,0.036912
2007-04-30,0.037712,0.047243,0.039089,0.027895,0.041004,0.028826,0.041391,0.030805,0.049265,0.036272
2007-05-31,-0.006998,-0.019611,-0.027823,-0.031883,-0.005017,-0.012071,-0.011026,-0.014141,-0.023658,0.003714
2007-06-30,-0.021789,-0.034076,-0.047748,-0.034134,-0.029988,-0.032741,-0.022725,-0.043879,-0.043840,-0.020529
2007-07-31,0.022242,0.018373,0.014035,0.012138,0.005166,0.027185,0.008229,0.015200,0.001077,0.022258
2007-08-31,0.064746,0.050925,0.040671,0.035067,0.037889,0.033689,0.023965,0.028926,0.044120,0.045878
2007-09-30,0.088165,0.025026,0.015250,0.024944,0.020951,0.018247,-0.010813,0.018559,0.041918,0.075192
2007-10-31,-0.094396,-0.057154,-0.054746,-0.046379,-0.044718,-0.047807,-0.031779,-0.021602,-0.050297,-0.041496
2007-11-30,-0.024544,-0.013056,-0.022565,-0.005129,0.002437,0.000901,-0.019521,-0.006408,0.015043,-0.007716
2007-12-31,-0.104362,-0.098257,-0.069441,-0.061622,-0.062708,-0.045755,-0.048323,-0.054813,-0.039956,-0.108431
2008-01-31,-0.026923,-0.006313,0.005391,-0.026937,-0.036017,-0.019316,-0.025174,-0.052450,-0.072296,-0.010536
2008-02-29,-0.030699,-0.042841,-0.008080,0.012242,-0.016236,-0.003665,-0.005102,0.009180,-0.011314,-0.024031
2008-03-31,0.082482,0.063209,0.081271,0.043867,0.006684,0.057934,0.044338,0.048182,0.056306,0.067790
2008-04-30,0.058690,0.073615,0.030550,0.031353,0.035306,0.005511,0.033352,0.007191,-0.039129,-0.016626
2008-05-31,-0.015783,-0.019276,-0.043033,-0.079701,-0.069691,-0.109698,-0.094733,-0.102065,-0.107906,-0.157287
2008-06-30,-0.084409,-0.104538,-0.067708,-0.001782,-0.006904,0.010313,0.014505,0.009395,0.058872,0.056492
2008-07-31,0.018341,-0.032045,0.001532,0.024549,0.023403,0.011053,0.023838,0.026453,0.015287,0.007447
2008-08-31,-0.189535,-0.173499,-0.111401,-0.091306,-0.114569,-0.120779,-0.065105,-0.072029,-0.040386,-0.110792
2008-09-30,-0.298917,-0.289367,-0.250796,-0.175604,-0.172794,-0.135738,-0.156086,-0.161109,-0.157288,-0.154707
2008-10-31,-0.193055,-0.123003,-0.126718,-0.104076,-0.095627,-0.067104,-0.017651,-0.052510,-0.085393,-0.121946
2008-11-30,0.048551,0.027877,0.009062,0.044146,0.035342,0.047219,0.019673,0.002907,-0.008890,-0.016720
2008-12-31,-0.012019,-0.001460,-0.058400,-0.058109,-0.047297,-0.080306,-0.064770,-0.084958,-0.111570,-0.192639
2009-01-31,-0.062631,-0.082897,-0.095100,-0.088594,-0.085477,-0.113107,-0.117979,-0.095425,-0.086232,-0.176605
2009-02-28,0.116076,0.107210,0.100229,0.117941,0.083952,0.090904,0.057184,0.080325,0.086549,0.167248
2009-03-31,0.162256,0.197432,0.158331,0.119495,0.127228,0.060755,0.092748,0.069911,0.053171,0.232592
2009-04-30,0.186230,0.111011,0.052131,0.051726,0.045881,0.021539,0.033388,0.056729,0.027093,0.120283
2009-05-31,-0.041480,-0.007521,-0.009779,0.004336,0.011643,0.011012,0.013764,0.004990,0.010929,-0.024845
2009-06-30,0.091936,0.083448,0.102871,0.104302,0.076404,0.067168,0.068260,0.064905,0.060134,0.097125
2009-07-31,0.021717,0.030565,0.018388,0.030118,0.032428,0.017092,0.020662,0.024605,0.037498,0.132847
2009-08-31,0.075677,0.098754,0.061647,0.042360,0.055404,0.031219,0.018822,0.034729,0.048842,0.005011
2009-09-30,-0.077310,-0.011273,-0.039897,-0.031291,-0.024736,-0.010570,-0.005629,-0.039640,-0.006876,-0.077320
2009-10-31,0.067694,0.047157,0.049631,0.052017,0.044144,0.053001,0.067135,0.068037,0.060407,0.040950
2009-11-30,0.029310,0.056139,0.058633,0.032475,0.037498,0.024611,0.025641,0.019278,0.016285,-0.024482
2009-12-31,-0.058878,-0.080925,-0.051000,-0.054998,-0.057472,-0.040911,-0.013985,-0.028651,0.026554,0.008832
2010-01-31,0.054104,0.057758,0.043811,0.047387,0.041303,0.025429,0.023527,0.016217,0.031865,0.038652
2010-02-28,0.064853,0.086823,0.063510,0.068910,0.072699,0.053471,0.045844,0.043063,0.062915,0.103706
2010-03-31,0.007215,0.053642,0.014929,0.039226,0.017271,0.016151,0.007583,0.008927,0.026036,0.025059
2010-04-30,-0.096040,-0.083493,-0.084330,-0.080885,-0.070231,-0.080282,-0.067006,-0.082574,-0.076578,-0.094674
2010-05-31,-0.098624,-0.061013,-0.069914,-0.066191,-0.069051,-0.048284,-0.034653,-0.049907,-0.039332,-0.079197
2010-06-30,0.126612,0.069920,0.080818,0.068988,0.078461,0.084054,0.057978,0.061934,0.061297,0.061256
2010-07-31,-0.035061,-0.049102,-0.047786,-0.070795,-0.063526,-0.037662,-0.017795,-0.033392,-0.044410,-0.102913
2010-08-31,0.129407,0.150460,0.126688,0.106876,0.110669,0.091130,0.071804,0.079593,0.084841,0.068438
2010-09-30,0.038871,0.058346,0.058746,0.051601,0.037708,0.051245,0.039831,0.042863,0.010387,0.001936
2010-10-31,0.055083,0.030869,0.021353,0.028505,0.001625,-0.006161,-0.004648,-0.004917,0.005033,-0.006591
2010-11-30,0.141502,0.059554,0.058546,0.067108,0.062083,0.065359,0.050028,0.062238,0.070355,0.135420
2010-12-31,-0.014304,0.036202,0.045876,0.041059,0.023396,0.017665,0.010830,-0.002731,0.024095,0.025222
2011-01-31,0.008445,0.049097,0.053936,0.039120,0.025930,0.046907,0.034345,0.029984,0.022662,0.022095
2011-02-28,0.002271,0.009085,0.004222,0.011729,0.004871,0.012696,0.003001,0.016984,-0.002647,-0.021623
2011-03-31,0.010136,0.022021,0.036947,0.033562,0.022027,0.028875,0.046732,0.032043,0.028977,-0.002213
2011-04-30,-0.024968,-0.006540,-0.022131,-0.018747,-0.014846,-0.002698,-0.001723,-0.001145,-0.015498,-0.040505
2011-05-31,-0.016060,-0.023510,-0.006501,-0.020536,-0.023881,-0.014626,-0.012900,-0.016189,-0.020519,-0.027072
2011-06-30,0.003965,0.027707,-0.037604,-0.014127,-0.022795,-0.037686,-0.032610,-0.012508,-0.045874,-0.036894
2011-07-31,-0.087436,-0.094506,-0.068102,-0.087315,-0.069212,-0.047875,-0.031457,-0.020412,-0.073512,-0.100911
2011-08-31,-0.170982,-0.093465,-0.089194,-0.078635,-0.094493,-0.081209,-0.034112,-0.049903,-0.067863,-0.131074
2011-09-30,0.094485,0.147459,0.126974,0.157317,0.139776,0.085945,0.079424,0.099325,0.127303,0.141415
2011-10-31,-0.026872,-0.032548,-0.001139,0.010829,-0.012104,0.012095,0.010660,0.000645,0.009138,-0.053191
2011-11-30,-0.047269,-0.007170,-0.014547,-0.000378,-0.023073,-0.000436,0.028331,0.030331,0.031450,0.025127
2011-12-31,0.133629,0.081013,0.070895,0.047615,0.055268,0.052766,0.026713,0.018343,0.034056,0.111597
2012-01-31,0.099986,0.068346,0.047333,0.047259,0.039210,0.039521,0.032566,0.024526,0.045429,0.061517
2012-02-29,0.058817,0.005010,0.021440,0.028290,0.002603,0.024232,0.022136,0.033985,0.051703,0.093204
2012-03-31,-0.008592,-0.020718,-0.002755,-0.017704,-0.006588,0.003475,0.000410,-0.007363,0.007481,-0.048452
2012-04-30,-0.076110,-0.113202,-0.100293,-0.082963,-0.072196,-0.037252,-0.050213,-0.021453,-0.045760,-0.105319
2012-05-31,0.024420,0.039748,0.030659,0.028013,0.047350,0.027829,0.037591,0.054180,0.033049,0.058308
2012-06-30,0.029910,-0.000139,0.012000,0.014728,-0.001389,0.007780,0.011541,0.010738,0.006414,-0.013187
2012-07-31,0.080142,0.056000,0.039248,0.029220,0.024985,0.020863,0.018150,0.001287,0.022647,0.036368
2012-08-31,0.013294,0.020237,0.025500,0.024210,0.029042,0.020007,0.015328,0.029261,0.039930,0.056556
2012-09-30,-0.071049,-0.023277,-0.014540,-0.027064,-0.016408,-0.024155,-0.016175,-0.005727,0.000767,0.016266
2012-10-31,-0.006973,0.026128,0.010650,0.015346,0.008686,0.010170,0.019492,-0.009307,0.008517,-0.006354
2012-11-30,-0.031716,0.027300,0.023810,0.022758,0.027804,0.012730,0.003810,-0.009120,0.002595,0.073527
2012-12-31,-0.038812,0.070720,0.068839,0.057232,0.063254,0.068054,0.052540,0.059691,0.065619,0.046758
2013-01-31,-0.029484,-0.005192,0.013518,0.011515,0.015053,0.011823,0.026329,0.022139,0.012945,0.005652
2013-02-28,0.012293,0.030461,0.030862,0.044441,0.043745,0.035597,0.053714,0.039853,0.049480,0.047012
2013-03-31,0.007469,-0.005313,0.007346,0.008287,0.013049,0.024657,0.023116,0.019871,0.009478,0.025458
2013-04-30,0.053142,0.038110,0.044727,0.027410,0.023412,0.022100,0.004391,0.009575,0.034821,0.084928
2013-05-31,-0.064158,-0.016447,-0.012302,-0.025277,-0.005477,-0.016744,-0.005600,0.004865,-0.007959,-0.017544
2013-06-30,0.101871,0.074950,0.044417,0.047389,0.071723,0.040502,0.049703,0.049870,0.048858,0.078958
2013-07-31,0.036340,-0.015406,-0.027870,-0.031644,-0.028753,-0.013777,-0.031359,-0.042111,-0.021287,-0.054073
2013-08-31,0.025510,0.056532,0.061891,0.044784,0.050790,0.035020,0.030828,0.025393,0.043288,0.021367
2013-09-30,0.054325,0.074607,0.032117,0.031045,0.030853,0.037359,0.059022,0.039179,0.049972,0.024153
2013-10-31,0.028262,0.036769,0.026354,0.034336,0.021325,0.026705,0.032058,0.034152,0.028280,0.061427
2013-11-30,0.024334,0.024050,0.029413,0.026445,0.025065,0.024690,0.022375,0.034259,0.033891,0.023274
2013-12-31,-0.030155,-0.046030,-0.033695,-0.032817,-0.027880,-0.041029,-0.016166,-0.033213,-0.038361,-0.024498
2014-01-31,0.060499,0.051896,0.057071,0.038413,0.042591,0.035042,0.054740,0.058942,0.047392,0.031059
2014-02-28,-0.021606,-0.006387,-0.009906,0.012294,0.004633,0.002110,0.006991,0.007443,0.005180,0.005009
2014-03-31,-0.033866,0.011591,-0.019007,-0.001277,0.003823,0.008901,0.000167,0.003796,-0.001673,-0.048084
2014-04-30,0.008858,0.036359,0.019182,0.021486,0.012996,0.018006,0.021633,0.014938,0.029125,0.025686
2014-05-31,0.063238,0.038153,0.034848,0.027725,0.038602,0.023931,0.019402,0.014674,0.013072,0.047139
2014-06-30,-0.064523,-0.000824,-0.028171,-0.019927,-0.013097,-0.016857,-0.018505,-0.021597,-0.031288,-0.054340
2014-07-31,0.056617,0.060234,0.030907,0.042517,0.035672,0.041123,0.037852,0.050880,0.042748,0.061111
2014-08-31,-0.029253,-0.032720,-0.024943,-0.026009,-0.019915,-0.016011,-0.009671,-0.021635,-0.017742,-0.048561
2014-09-30,-0.000495,0.030744,0.032396,0.019593,0.025228,0.027815,0.030057,0.033705,0.022344,0.033819
2014-10-31,0.025952,0.070770,0.029488,0.031154,0.023724,0.008285,0.041404,0.017240,0.016886,0.022540
2014-11-30,0.006459,-0.022534,-0.000216,-0.002990,0.002640,-0.003441,-0.001488,0.007550,0.003308,0.002900
2014-12-31,-0.035337,0.004089,-0.045509,-0.034021,-0.034063,-0.055209,-0.014876,-0.017328,-0.029299,-0.032067
2015-01-31,0.077797,0.079376,0.068416,0.062562,0.060412,0.058835,0.047974,0.051300,0.067490,0.075167
2015-02-28,0.009910,-0.007546,-0.007331,-0.009791,-0.004446,-0.024469,-0.009186,-0.015213,-0.004495,-0.008543
2015-03-31,-0.031875,-0.007689,0.008374,0.002568,0.006909,0.035971,-0.015053,0.002762,0.011838,0.014798
2015-04-30,-0.004110,0.022173,0.015135,0.025483,0.009037,0.006498,0.006260,0.011835,0.029283,0.009010
2015-05-31,-0.027695,-0.002798,-0.026655,-0.009571,-0.009668,-0.018801,-0.025395,-0.017240,-0.008004,-0.004935
2015-06-30,-0.017348,0.012223,0.012338,0.012279,0.001012,0.018911,0.019871,0.019193,0.003879,-0.003289
2015-07-31,-0.076762,-0.058949,-0.061842,-0.065001,-0.075007,-0.061994,-0.051064,-0.049356,-0.064148,-0.061158
2015-08-31,-0.068415,-0.027709,-0.029048,-0.033808,-0.043543,-0.027701,-0.015547,-0.020506,-0.055764,-0.090336
2015-09-30,0.042425,0.089782,0.084078,0.083863,0.092181,0.083088,0.054991,0.066122,0.066879,0.059778
2015-10-31,0.000386,0.021271,-0.009441,0.007760,0.015156,0.007128,0.003542,-0.004678,0.013191,0.010842
2015-11-30,-0.057420,-0.027641,-0.048787,-0.031062,-0.014111,-0.022854,-0.008123,-0.010704,-0.022125,-0.011553
2015-12-31,-0.147083,-0.121352,-0.073481,-0.059966,-0.069185,-0.053712,-0.025868,-0.031160,-0.043698,-0.099690
2016-01-31,0.000596,-0.009316,-0.001210,-0.000680,-0.014222,0.004415,0.004517,0.008867,0.010579,0.005528
2016-02-29,0.036764,0.067725,0.076806,0.080885,0.076732,0.072755,0.052475,0.061878,0.063669,0.072664
2016-03-31,0.006116,0.047649,-0.035024,0.025571,0.021367,0.009773,0.005682,0.007671,0.011411,0.015758
2016-04-30,0.020212,0.023059,0.031325,0.025119,0.010042,0.019272,0.016080,0.009995,0.012960,0.013368
2016-05-31,-0.020267,-0.044497,-0.036918,-0.021115,-0.010388,-0.005090,0.017933,0.040911,0.035691,0.034515
2016-06-30,0.113493,0.084211,0.071020,0.055439,0.042591,0.041794,0.031356,0.004449,0.004338,0.012500
2016-07-31,0.017384,0.011190,0.017752,0.020661,0.005561,0.014716,-0.005132,-0.007076,-0.023637,0.004332
2016-08-31,0.030531,0.036713,-0.002976,0.014088,-0.004571,-0.002090,-0.007321,0.001252,-0.006827,0.012097
2016-09-30,-0.071239,-0.045009,-0.018314,-0.013796,-0.018776,-0.002517,-0.034020,-0.030155,-0.007307,-0.052951
2016-10-31,0.110439,0.093827,0.096197,0.057889,0.038492,0.053249,0.064234,0.031505,-0.003769,0.016712
2016-11-30,-0.009702,0.002120,0.033606,0.013194,0.016533,0.007143,0.022283,0.019809,0.027804,0.025166
2016-12-31,0.040346,0.048231,0.039611,0.020890,0.031201,0.014938,0.008797,0.008099,0.006784,0.005094
2017-01-31,0.038371,0.025289,0.036634,0.037660,0.057181,0.027512,0.029597,0.025432,0.043507,0.027446
2017-02-28,0.005381,-0.000102,-0.006671,-0.013987,0.006613,0.003117,-0.001833,0.004034,0.011736,0.007308
2017-03-31,0.013554,0.005613,0.006415,0.006422,0.012583,0.015020,0.008911,0.004709,0.012039,0.005266
2017-04-30,-0.002729,0.010321,-0.002743,0.003626,0.011837,-0.003192,0.012822,0.014803,0.026128,0.003793
2017-05-31,0.071487,0.032506,0.017188,0.030575,0.011025,0.003105,0.011014,-0.001091,0.001056,0.004125
2017-06-30,0.021342,0.035998,0.020098,0.008620,0.022328,0.028358,0.014306,0.013813,0.015999,0.022693
2017-07-31,0.026420,-0.000717,-0.004211,0.000028,0.015676,-0.005013,0.005782,-0.006585,-0.005524,0.004561
2017-08-31,0.031061,-0.002813,0.048699,0.036869,0.038550,0.009167,0.043143,0.021717,0.008055,-0.007652
2017-09-30,0.007822,0.030430,-0.001934,0.022505,0.034285,0.037262,0.018118,0.001898,0.030396,0.026812
2017-10-31,-0.002863,0.022862,0.038142,0.031923,0.018656,0.037258,0.036367,0.043236,0.039664,0.032989
2017-11-30,0.021389,0.010146,0.016456,0.022887,0.007038,0.008663,0.006612,0.019088,0.003088,-0.032779
2017-12-31,0.107046,0.130054,0.069101,0.070115,0.058602,0.050087,0.055363,0.039121,0.009641,-0.007226
2018-01-31,-0.016943,-0.034117,-0.011156,-0.032437,-0.042915,-0.023460,-0.019487,-0.052521,-0.070305,-0.043457
2018-02-28,-0.024489,-0.030954,-0.029875,-0.024045,-0.015959,-0.029560,-0.015592,-0.021567,-0.006845,0.024757
2018-03-31,0.004824,0.025582,-0.005142,-0.003578,0.021213,-0.003800,0.013045,-0.003819,-0.008230,0.008829
2018-04-30,0.095199,0.013414,0.014642,0.020414,0.033986,0.050345,0.028541,0.032449,-0.000799,-0.011655
2018-05-31,0.053719,0.017065,-0.007752,0.002791,0.003242,-0.020269,-0.001523,0.007602,0.027348,0.027953
2018-06-30,-0.033752,0.024769,0.045415,0.021671,0.040851,0.036965,0.037708,0.028693,0.040296,0.020790
2018-07-31,0.073910,0.079931,0.022249,0.028693,0.055419,0.040833,0.026536,0.015427,0.016245,0.048909
2018-08-31,-0.004358,-0.010119,-0.010397,-0.007681,0.001622,0.011859,0.010958,0.014231,0.004106,-0.011384
2018-09-30,-0.157438,-0.146385,-0.081085,-0.089576,-0.069499,-0.083350,-0.075425,-0.051421,-0.015894,-0.003143
2018-10-31,-0.011585,0.039717,0.009476,0.011593,0.014893,-0.006598,0.046051,0.034181,0.039967,0.011455
2018-11-30,-0.115516,-0.108990,-0.111144,-0.091166,-0.107729,-0.087273,-0.093527,-0.096583,-0.086460,-0.055595
2018-12-31,0.216739,0.149344,0.149040,0.118557,0.076719,0.060606,0.089252,0.062764,0.050077,0.054550
