public_date,n_AERO,n_AGRIC,n_AUTOS,n_BANKS,n_BEER,n_BLDMT,n_BOOKS,n_BOXES,n_BUSSV,n_CHEMS,n_CHIPS,n_CLTHS,n_CNSTR,n_COAL,n_DRUGS,n_ELCEQ,n_FABPR,n_FIN,n_FOOD,n_FUN,n_GOLD,n_GUNS,n_HARDW,n_HLTH,n_HSHLD,n_INSUR,n_LABEQ,n_MACH,n_MEALS,n_MEDEQ,n_MINES,n_OIL,n_OTHER,n_PAPER,n_PERSV,n_RLEST,n_RTAIL,n_RUBBR,n_SHIPS,n_SMOKE,n_SODA,n_SOFTW,n_STEEL,n_TELCM,n_TOYS,n_TRANS,n_TXTLS,n_UTIL,n_WHLSL
1976-01-31,39,16,83,181,17,195,49,25,146,89,161,104,60,11,54,66,24,55,121,44,14,9,64,29,108,80,75,196,75,55,26,156,10,87,30,45,280,68,15,6,17,31,87,64,46,119,68,187,183
1976-02-29,39,16,82,181,17,186,48,25,144,87,160,99,60,11,54,64,24,54,121,44,14,9,63,29,108,80,75,194,75,55,23,155,10,85,29,45,277,65,17,6,17,31,87,63,44,118,68,186,179
1976-03-31,38,16,83,180,17,189,48,25,146,89,163,102,61,11,54,65,23,56,120,43,14,9,63,29,108,80,74,195,73,55,25,158,10,88,29,45,277,67,17,6,17,31,86,64,46,117,69,187,185
1976-04-30,38,16,83,181,17,191,48,25,146,89,162,101,61,11,54,65,24,53,120,43,14,9,63,29,108,79,74,195,73,55,25,157,10,88,30,45,279,68,17,6,16,31,85,64,46,118,69,187,182
1976-05-31,38,16,83,180,17,191,48,25,145,89,162,102,61,11,54,63,24,53,119,43,14,9,63,30,108,79,73,194,73,55,25,156,10,89,30,46,277,66,18,6,16,31,83,64,46,118,69,187,181
1976-06-30,38,16,84,181,18,192,48,25,152,91,165,103,62,11,55,66,26,57,120,43,14,8,62,30,109,81,73,197,72,55,25,160,10,89,30,46,276,68,19,6,16,31,85,64,46,118,69,191,186
1976-07-31,33,16,74,176,17,168,46,22,144,87,153,90,55,11,54,62,24,56,109,39,13,7,61,29,104,79,70,181,70,54,24,154,10,84,25,43,263,64,18,6,15,30,78,61,45,115,61,185,171
1976-08-31,37,16,82,182,18,192,48,25,150,92,163,102,62,11,55,66,26,57,119,42,14,8,62,31,110,80,73,194,73,54,25,160,10,89,30,45,281,68,19,6,16,31,84,64,47,118,68,191,188
1976-09-30,38,16,83,181,19,192,48,25,150,92,163,100,61,11,55,66,26,58,117,41,14,9,63,31,109,80,72,193,73,55,25,163,10,86,30,46,278,68,18,6,16,30,84,65,46,117,67,190,185
1976-10-31,38,16,83,181,19,194,48,25,151,92,162,101,62,11,55,66,26,58,119,41,14,9,64,31,109,80,72,194,73,55,25,162,10,88,29,46,283,69,17,6,16,30,84,65,47,117,68,191,186
1976-11-30,37,16,83,180,19,194,48,25,151,91,160,101,62,11,55,66,26,59,120,41,14,9,64,31,109,80,72,191,73,53,24,163,10,88,29,46,284,69,17,6,16,30,85,65,47,116,68,190,184
1976-12-31,37,16,82,181,17,191,47,25,149,90,157,99,61,11,54,65,26,57,118,41,13,9,65,30,106,80,73,190,73,53,24,160,10,88,29,48,285,65,17,6,16,31,84,64,46,113,66,190,181
1977-01-31,37,16,82,181,17,193,47,24,151,92,159,99,61,10,54,67,26,59,119,41,14,9,65,31,108,80,73,190,73,52,24,160,11,88,29,49,283,68,16,6,16,31,84,65,45,114,68,190,183
1977-02-28,37,16,82,181,17,192,46,24,151,91,157,99,61,10,54,67,26,59,118,41,14,9,66,31,108,79,73,188,73,51,23,160,11,88,29,48,285,67,17,6,16,32,84,65,45,114,68,190,183
1977-03-31,37,15,83,182,17,191,46,24,151,93,158,98,60,10,54,67,26,59,119,42,14,9,66,30,108,80,75,189,72,51,23,161,11,88,29,49,285,68,17,6,16,32,83,65,45,112,67,191,182
1977-04-30,36,16,83,182,17,188,44,23,151,92,158,98,60,10,54,67,26,60,120,42,14,9,67,30,107,80,75,190,72,51,23,161,11,88,29,49,285,67,17,6,15,33,81,65,45,112,66,191,180
1977-05-31,36,16,83,182,17,188,44,22,151,92,158,98,60,10,54,67,26,60,120,42,14,9,67,30,106,79,75,190,72,51,23,161,11,89,29,49,284,67,17,6,15,33,81,65,45,112,66,191,178
1977-06-30,36,16,82,183,17,192,46,22,151,91,160,100,61,12,53,68,26,60,122,41,14,9,67,30,108,79,76,191,74,52,23,167,11,88,27,49,284,66,17,6,15,35,81,64,44,116,65,191,181
1977-07-31,36,16,82,183,17,193,46,22,153,91,161,102,62,12,52,67,27,59,124,40,14,9,68,30,108,79,76,191,74,52,24,165,11,88,27,49,284,67,17,6,15,35,80,64,43,116,65,191,178
1977-08-31,36,16,81,183,17,193,46,22,152,90,160,102,63,12,52,67,27,59,124,39,13,9,68,30,108,79,76,189,74,52,24,165,11,87,26,49,284,65,17,6,15,34,80,64,43,115,66,191,176
1977-09-30,36,16,81,183,17,189,46,22,153,90,160,100,62,12,52,66,26,59,124,39,13,9,68,29,108,79,75,188,74,53,24,166,11,88,28,50,281,67,16,6,15,34,79,64,43,115,64,191,174
1977-10-31,36,16,81,183,17,191,45,22,153,90,160,101,61,12,52,66,26,58,123,39,13,9,67,28,108,80,74,187,74,54,24,168,11,89,28,50,283,67,17,6,14,34,81,65,42,116,64,191,173
1977-11-30,36,16,81,182,17,188,44,22,152,89,158,100,62,12,48,68,26,58,124,39,13,9,66,28,108,79,74,186,74,53,24,168,11,88,28,49,281,67,16,6,15,35,80,64,42,116,64,191,174
1977-12-31,36,17,79,183,17,189,43,22,151,86,157,101,62,12,47,67,25,57,124,39,13,8,65,31,108,78,72,185,73,53,25,168,10,89,29,51,281,66,16,6,15,35,79,64,42,114,64,192,173
1978-01-31,36,17,79,183,17,190,43,22,150,86,157,101,60,12,47,68,25,56,121,39,13,8,64,31,109,78,72,184,73,53,25,168,11,89,30,51,276,66,16,6,15,36,80,64,42,115,64,192,173
1978-02-28,36,17,79,184,17,191,42,21,150,86,158,100,58,12,47,68,24,56,121,39,13,8,64,31,109,77,72,182,72,52,25,168,11,90,30,48,280,66,15,6,15,37,80,64,43,115,64,192,173
1978-03-31,36,17,78,184,17,191,43,21,151,84,157,100,58,12,47,67,26,56,120,39,13,8,65,30,109,77,72,182,73,52,25,166,11,90,31,48,279,65,15,6,15,37,80,64,43,114,62,192,176
1978-04-30,36,17,78,184,17,189,43,21,149,81,156,99,59,12,47,68,26,57,118,38,13,8,64,31,110,77,72,184,75,52,25,165,11,89,31,49,278,64,15,6,15,37,81,64,44,113,62,192,177
1978-05-31,36,16,78,184,17,187,43,20,149,81,156,97,57,11,47,68,26,57,117,37,13,8,63,30,109,77,72,182,75,52,24,166,11,87,32,49,276,62,13,6,14,37,81,64,44,112,63,192,175
1978-06-30,34,17,78,189,17,187,42,20,153,82,160,98,58,11,48,69,27,58,119,39,13,8,66,30,109,80,72,184,76,53,24,171,11,87,32,52,276,64,13,6,14,42,81,64,43,115,62,204,178
1978-07-31,34,15,78,190,16,181,42,20,153,81,159,98,57,12,49,68,27,59,118,36,13,8,67,30,109,80,72,182,77,53,24,170,11,88,32,51,279,65,13,6,14,41,80,64,42,116,62,203,178
1978-08-31,35,15,78,190,16,183,41,20,150,81,159,97,58,12,48,67,27,59,118,38,13,8,67,31,108,80,72,183,78,54,24,170,11,87,32,52,279,64,12,6,14,41,80,63,42,114,62,203,175
1978-09-30,35,15,78,188,16,183,40,20,152,80,162,97,58,12,49,66,27,60,113,38,13,8,67,31,107,81,71,182,78,55,24,173,11,87,32,52,278,63,12,6,14,43,80,63,40,114,62,203,175
1978-10-31,35,14,78,189,16,182,40,19,152,80,163,95,58,12,49,66,27,60,113,38,13,8,65,32,108,81,71,182,78,55,25,174,11,87,33,54,275,64,12,6,14,43,80,62,41,113,62,203,175
1978-11-30,35,14,78,189,16,183,40,19,154,80,161,97,57,12,49,66,27,60,113,38,13,8,66,33,108,79,71,180,78,54,25,174,11,86,33,53,276,62,12,6,13,44,79,62,40,111,62,203,177
1978-12-31,35,15,78,189,16,182,40,19,158,80,164,95,57,12,50,64,27,60,112,39,13,8,68,34,106,80,73,183,76,55,25,179,10,82,33,53,271,62,12,6,13,45,80,63,40,110,61,203,176
1979-01-31,35,14,78,190,16,184,40,19,158,80,167,94,57,11,50,65,27,59,110,40,13,8,69,33,105,77,73,181,73,55,25,180,10,80,33,55,271,60,12,6,12,46,80,63,41,110,62,203,176
1979-02-28,35,14,77,190,16,181,40,19,158,80,167,94,57,11,50,66,28,60,110,39,13,8,69,33,105,76,73,178,73,55,25,180,11,80,33,56,271,62,12,6,12,45,79,63,41,110,62,203,175
1979-03-31,35,14,77,188,16,181,39,19,159,82,167,94,58,11,52,67,30,61,112,40,13,8,70,33,105,76,72,184,71,54,25,185,11,81,34,55,270,62,12,6,12,46,80,62,41,110,63,204,174
1979-04-30,35,15,78,189,16,179,39,19,159,82,168,94,58,11,52,68,30,62,112,40,14,8,73,33,105,76,72,182,72,52,25,186,11,81,34,55,270,62,12,6,11,46,80,62,41,110,63,204,174
1979-05-31,35,15,78,188,16,177,38,19,159,82,166,93,58,11,52,68,30,62,112,41,14,8,73,33,104,75,72,178,73,51,25,187,11,81,34,54,268,63,12,6,11,46,80,62,41,110,63,204,175
1979-06-30,35,15,78,214,16,182,38,18,165,83,174,94,62,11,53,71,29,65,111,43,14,8,78,33,106,78,78,179,73,53,26,200,11,80,35,60,265,65,12,6,11,47,82,64,43,110,64,206,175
1979-07-31,35,15,78,214,16,180,38,18,165,82,174,92,62,11,52,71,30,64,109,43,14,8,78,33,105,78,79,179,74,53,25,199,11,81,34,59,266,66,11,6,11,47,81,63,42,107,64,205,176
1979-08-31,35,15,78,214,16,181,38,18,164,81,174,90,61,11,50,71,30,63,109,42,14,8,75,33,105,77,78,178,74,53,24,201,11,81,34,60,268,65,11,6,11,46,81,62,41,107,64,204,176
1979-09-30,35,16,78,214,16,181,38,18,166,81,175,90,61,11,51,73,29,63,108,43,14,7,78,33,107,78,78,177,75,55,24,197,11,80,34,60,269,65,11,6,11,46,80,62,41,107,64,205,176
1979-10-31,35,16,79,214,16,180,39,18,164,81,174,90,62,11,51,73,29,63,107,43,14,7,76,34,107,78,78,177,75,55,24,199,11,81,34,60,263,65,11,6,11,48,81,61,40,107,64,205,176
1979-11-30,35,16,77,214,16,179,39,18,164,80,173,89,62,11,53,71,28,62,106,43,15,7,75,33,106,78,78,175,75,55,24,197,11,81,34,59,263,65,11,6,11,48,81,61,40,106,64,204,175
1979-12-31,35,16,75,212,16,176,39,18,164,78,172,88,62,11,53,70,29,63,103,43,15,7,78,33,105,78,78,175,75,55,24,197,11,80,34,62,264,63,11,6,11,48,80,62,40,103,62,205,174
1980-01-31,34,16,77,211,16,176,39,18,163,77,171,88,61,11,53,70,29,63,102,43,15,6,77,33,104,78,77,175,74,55,24,198,11,79,33,63,261,63,11,6,11,48,80,62,39,103,62,204,175
1980-02-29,34,15,76,211,16,175,39,18,161,76,171,88,62,10,53,70,29,60,102,43,15,6,79,33,104,78,77,173,75,54,24,197,12,78,33,61,260,63,11,6,11,48,79,61,39,102,62,205,176
1980-03-31,34,14,76,211,15,174,39,18,161,76,171,86,62,11,52,70,29,62,101,43,15,6,78,33,104,77,76,174,74,53,23,198,12,81,33,62,258,64,11,6,11,47,79,59,39,102,62,205,172
1980-04-30,34,14,75,213,15,175,39,18,158,76,173,84,62,10,53,70,30,62,101,43,15,6,78,33,103,76,73,173,73,52,22,199,12,81,33,62,259,65,11,6,11,47,77,58,39,101,61,203,172
1980-05-31,34,14,75,213,15,174,39,17,160,75,171,84,62,10,55,70,30,61,102,43,15,6,78,33,104,75,73,172,72,52,21,198,12,80,33,61,258,65,11,6,11,46,77,59,38,102,61,202,173
1980-06-30,35,13,75,219,15,172,39,17,168,76,175,85,64,10,56,71,32,62,100,45,16,7,78,35,103,84,74,174,75,54,21,211,13,80,33,62,254,65,12,6,11,53,78,60,38,104,61,203,175
1980-07-31,35,13,75,219,15,171,39,17,170,76,173,84,63,9,55,71,32,61,100,47,16,7,78,35,104,84,74,173,75,54,21,210,13,79,33,61,255,65,12,5,11,53,77,59,38,103,61,202,174
1980-08-31,35,13,74,220,14,169,38,17,166,76,172,84,62,10,56,71,32,61,97,47,16,7,77,33,102,83,75,172,75,55,21,209,13,81,33,61,255,64,12,5,10,52,77,59,38,102,61,202,173
1980-09-30,35,13,74,218,15,169,38,18,168,76,173,83,61,10,56,72,32,61,98,48,16,7,79,35,103,83,76,173,75,56,22,213,13,80,33,62,251,64,12,5,10,52,76,60,38,101,61,202,175
1980-10-31,35,13,74,219,15,168,39,18,167,77,173,79,61,9,55,73,31,63,97,49,16,7,78,34,103,83,75,173,74,56,22,214,13,80,33,62,251,64,12,5,10,54,75,60,38,97,60,202,176
1980-11-30,35,13,74,219,15,169,39,18,169,77,173,81,61,10,56,74,32,62,96,49,16,7,79,34,102,83,75,173,75,56,25,215,13,79,33,62,249,64,12,5,10,54,74,58,39,95,60,202,175
1980-12-31,35,13,73,219,14,167,39,19,172,78,172,80,61,10,56,74,32,64,96,48,16,7,79,34,104,82,76,173,74,57,25,221,13,78,33,61,245,65,12,5,10,53,74,60,38,96,58,202,175
1981-01-31,35,13,73,218,15,165,39,19,169,77,169,76,61,10,55,74,32,63,95,48,16,7,79,35,102,82,77,172,74,56,25,216,13,80,33,61,239,65,12,5,10,53,74,60,38,93,56,202,177
1981-02-28,35,13,72,218,15,167,39,19,169,77,169,76,61,9,55,74,32,65,95,48,17,7,79,35,98,81,77,171,74,56,25,223,13,80,32,60,240,66,12,5,10,53,73,59,38,92,56,202,177
1981-03-31,36,12,72,218,16,166,39,19,169,75,170,75,61,10,54,73,32,63,95,48,17,7,80,35,98,82,77,169,74,58,25,228,13,79,32,60,241,65,11,5,10,54,74,59,37,91,56,202,178
1981-04-30,36,12,72,217,15,166,39,19,168,74,169,75,60,9,54,73,31,64,94,48,17,7,80,35,98,81,78,171,75,57,25,229,13,78,32,61,240,64,11,5,10,54,74,59,37,91,56,202,178
1981-05-31,35,12,72,215,15,165,39,19,167,72,169,75,61,8,54,73,30,63,94,47,17,7,79,35,98,80,78,172,73,58,24,229,13,80,32,62,240,64,11,5,10,54,73,59,37,91,56,202,175
1981-06-30,35,14,71,224,15,165,39,19,174,72,176,76,62,10,56,75,31,70,92,47,19,7,85,34,99,84,82,175,76,65,24,262,14,83,32,65,235,65,12,5,10,61,75,60,38,97,56,209,178
1981-07-31,35,14,71,224,15,166,39,18,173,71,175,75,62,9,56,75,29,70,91,47,19,8,85,33,100,84,81,174,78,65,24,261,14,82,33,65,234,65,12,5,9,61,75,60,38,96,55,207,179
1981-08-31,35,14,72,224,15,165,39,18,173,72,172,73,62,9,56,71,28,69,90,48,19,8,85,32,100,85,82,171,75,64,23,262,14,82,33,65,231,65,12,5,9,61,75,59,39,97,55,207,177
1981-09-30,36,14,71,223,15,166,39,18,173,73,178,74,61,9,57,71,29,70,91,49,20,8,85,31,102,84,81,176,77,65,23,270,14,81,33,64,232,65,12,5,9,65,74,61,39,97,54,207,174
1981-10-31,36,14,71,223,15,165,39,18,173,73,178,73,61,9,57,71,29,71,90,49,20,8,86,32,102,85,83,176,77,65,22,272,14,80,33,65,230,64,12,5,9,68,76,61,39,97,53,208,173
1981-11-30,36,14,70,221,15,166,39,18,173,72,177,73,63,9,57,70,28,71,90,48,21,8,86,32,102,84,83,177,74,66,22,273,14,80,32,66,232,64,12,5,9,68,75,61,41,97,53,207,171
1981-12-31,36,15,70,221,15,166,39,18,170,73,180,73,62,9,60,69,30,72,90,49,21,8,90,33,103,83,86,178,74,70,22,286,15,81,32,63,234,65,12,5,9,70,75,61,40,98,52,208,172
1982-01-31,36,15,70,220,15,165,39,18,171,73,179,70,63,9,60,69,29,72,91,51,21,8,91,33,103,83,87,178,71,70,22,293,15,81,33,64,233,64,12,5,9,70,75,62,40,98,52,208,170
1982-02-28,36,15,70,219,15,166,39,18,172,72,184,71,62,9,60,69,28,73,91,53,21,8,90,33,103,83,85,178,70,71,21,289,15,81,33,64,230,63,12,5,9,70,75,63,39,97,51,208,168
1982-03-31,36,15,69,218,15,168,39,18,173,73,190,69,62,8,63,70,29,73,91,52,21,8,92,33,102,82,90,179,72,71,20,305,14,80,32,65,231,62,12,5,9,70,74,62,39,95,50,206,170
1982-04-30,35,15,69,218,15,167,39,18,172,74,190,69,61,8,63,70,29,73,91,51,21,8,93,32,102,81,90,181,72,72,20,306,14,80,31,64,231,63,12,5,9,71,76,61,40,92,49,207,171
1982-05-31,35,15,69,219,14,168,39,18,169,75,191,69,61,8,64,70,29,75,90,50,20,8,93,32,102,79,90,182,71,71,20,310,14,80,31,62,226,61,11,4,9,73,76,62,40,90,49,206,170
1982-06-30,37,16,72,226,14,169,39,18,181,76,196,71,61,8,68,72,29,81,94,54,19,8,103,35,104,82,100,181,76,77,20,349,14,81,32,66,231,61,12,4,9,80,78,68,42,98,47,208,178
1982-07-31,37,16,71,225,14,168,40,18,185,77,196,72,63,8,68,72,29,81,94,54,21,8,104,34,102,83,99,181,79,75,20,354,14,83,31,66,234,60,12,4,8,81,79,70,41,97,47,208,180
1982-08-31,36,16,71,224,14,167,40,17,183,75,195,72,61,8,68,72,29,82,92,53,20,8,104,34,103,83,100,176,79,75,20,352,14,82,31,65,232,64,12,4,8,82,78,69,41,96,47,209,179
1982-09-30,35,16,68,223,14,166,40,17,185,75,197,72,62,8,69,72,29,80,92,52,21,8,104,33,103,83,99,178,78,78,20,363,13,80,33,67,232,64,12,4,8,85,80,70,39,96,47,209,181
1982-10-31,35,16,68,224,14,165,39,17,185,73,198,72,61,8,67,72,29,78,91,52,21,8,104,35,102,83,100,178,78,77,20,367,12,82,33,67,230,64,10,4,8,87,79,70,39,96,47,208,182
1982-11-30,35,16,68,225,14,165,40,17,184,73,197,74,61,8,67,73,27,78,91,53,20,8,106,35,104,80,102,178,78,76,21,372,13,79,33,64,230,63,11,4,8,91,78,69,39,95,47,208,181
1982-12-31,34,16,66,225,14,160,39,17,182,75,202,74,62,8,68,73,27,80,89,53,22,8,109,38,105,77,103,180,80,78,21,378,15,77,33,67,227,64,11,4,7,93,77,68,40,97,47,208,180
1983-01-31,34,16,65,225,14,159,39,17,181,76,204,74,63,7,67,73,27,80,89,54,22,8,108,38,103,76,106,178,81,77,21,375,16,79,33,67,225,64,11,4,7,93,77,68,39,97,47,208,178
1983-02-28,34,16,65,224,13,156,39,17,178,75,206,74,63,7,68,74,27,80,89,55,21,8,108,37,105,76,105,177,80,78,20,374,17,78,33,67,224,65,11,4,7,92,77,68,39,97,47,208,179
1983-03-31,34,16,66,221,13,154,39,17,178,75,208,75,63,7,68,75,27,82,89,56,20,8,108,39,105,76,105,178,82,77,20,375,18,77,33,68,225,66,11,4,7,93,77,69,39,97,47,209,177
1983-04-30,34,17,66,222,13,154,39,17,179,76,209,75,63,7,68,74,28,81,89,56,21,8,107,39,104,76,105,179,82,77,20,374,18,77,33,66,224,66,11,4,7,94,77,70,39,95,46,208,176
1983-05-31,34,17,65,222,13,154,39,17,178,76,208,74,64,7,68,74,28,80,87,56,21,8,104,39,104,76,105,178,81,76,19,371,18,73,33,66,224,64,12,4,7,95,77,70,39,93,46,207,176
1983-06-30,34,16,64,237,13,158,40,17,182,78,214,75,66,7,73,75,27,82,87,58,21,8,109,41,105,81,105,181,85,77,19,383,20,75,34,64,222,67,12,4,8,97,77,71,39,102,48,209,182
1983-07-31,34,16,63,234,13,156,40,17,182,78,216,74,65,7,73,75,27,81,87,57,21,8,109,41,105,81,104,181,85,77,19,377,18,73,35,64,222,67,11,4,7,97,76,70,39,102,47,208,182
1983-08-31,34,16,64,234,13,156,40,16,182,76,215,74,65,7,72,75,26,80,87,57,21,8,109,42,106,81,103,181,82,79,19,372,18,73,35,64,221,68,12,4,7,98,76,71,38,100,47,208,182
1983-09-30,34,17,64,234,13,156,41,16,184,76,219,74,66,7,73,75,26,81,87,58,20,8,110,42,105,81,103,179,82,79,19,372,19,72,35,64,221,67,11,4,7,104,75,70,39,100,48,205,180
1983-10-31,34,16,65,233,13,156,42,16,184,76,218,74,64,7,73,74,26,81,87,58,20,8,110,42,105,81,103,179,83,79,19,371,19,72,35,64,222,68,12,4,7,104,74,70,38,100,48,205,180
1983-11-30,34,16,65,232,13,156,42,16,184,77,219,73,65,7,73,75,27,80,87,59,20,8,109,41,103,81,103,179,84,80,19,366,19,73,34,65,221,68,12,4,7,105,74,70,37,98,47,203,181
1983-12-31,33,15,63,231,13,157,42,16,188,80,220,71,65,7,75,72,26,79,86,60,20,8,115,41,104,80,106,176,85,82,19,361,20,74,34,65,221,67,12,4,7,106,74,69,37,98,48,203,184
1984-01-31,32,15,62,231,13,157,41,15,189,80,221,71,65,7,75,74,26,78,84,60,20,8,115,40,106,80,105,174,86,82,19,354,20,75,34,63,220,66,11,4,6,107,74,69,37,97,48,203,184
1984-02-29,32,15,62,231,13,157,41,15,190,80,221,71,65,6,76,74,27,78,83,62,20,8,116,40,105,80,105,174,86,83,19,349,20,74,34,63,221,66,11,4,6,107,74,69,37,96,47,203,188
1984-03-31,32,16,62,230,13,155,41,15,191,80,225,71,64,6,76,76,27,81,83,63,20,8,121,42,104,82,107,176,88,86,19,350,20,75,35,62,219,67,10,4,5,114,71,69,37,96,47,204,190
1984-04-30,32,16,63,230,14,154,41,15,191,80,229,70,65,5,77,76,27,80,82,63,20,8,125,42,105,81,107,176,87,89,19,345,21,75,34,64,221,67,10,4,5,116,71,70,36,96,46,203,191
1984-05-31,32,16,63,227,14,153,41,15,191,80,227,69,65,5,79,76,26,81,82,63,20,8,124,42,104,81,105,177,86,90,18,339,21,77,34,63,218,64,10,4,5,117,71,70,37,97,47,203,190
1984-06-30,33,18,66,248,15,156,43,17,208,82,245,69,64,5,87,76,28,94,83,68,23,8,137,52,109,91,112,182,98,100,18,341,23,78,36,69,232,67,9,4,4,139,73,77,38,110,48,207,198
1984-07-31,33,18,68,248,15,156,42,17,208,82,246,69,65,5,88,75,28,93,82,68,23,8,137,52,109,91,112,183,102,99,18,336,23,77,38,69,245,67,10,4,4,145,74,79,38,107,49,207,197
1984-08-31,34,17,68,247,15,155,41,17,210,82,247,67,66,5,88,75,27,92,82,68,23,8,140,52,107,91,112,180,102,99,17,326,22,77,39,68,243,65,9,4,4,146,74,78,36,105,49,207,195
1984-09-30,33,18,67,250,15,152,41,17,211,82,247,66,65,5,93,75,27,93,82,71,24,8,143,54,107,91,114,182,103,100,17,318,23,78,41,68,242,65,9,4,4,153,74,80,36,105,48,207,199
1984-10-31,33,18,67,249,15,151,42,16,213,82,249,64,66,5,94,75,27,92,82,69,25,8,141,53,105,91,116,181,101,101,17,312,23,77,41,67,242,65,9,4,4,151,73,80,37,105,49,207,201
1984-11-30,32,17,67,247,15,153,41,16,215,83,251,64,66,5,95,76,28,91,82,70,25,8,146,52,105,91,116,180,102,101,17,303,23,75,43,66,244,65,9,4,4,154,72,80,37,106,47,206,200
1984-12-31,32,18,68,245,15,154,43,16,220,81,257,64,66,5,97,75,28,91,80,70,26,9,149,51,106,91,118,180,102,105,17,301,23,77,44,65,246,64,8,4,4,158,72,80,37,107,48,206,200
1985-01-31,31,19,69,245,15,150,43,16,217,81,256,63,67,4,98,76,29,89,81,70,26,9,146,51,110,91,118,180,102,107,17,300,23,78,44,65,237,63,8,4,4,157,71,80,37,108,48,206,202
1985-02-28,31,19,69,245,15,148,43,16,216,80,257,61,67,4,98,76,28,89,81,72,26,9,146,51,111,91,118,180,102,107,17,301,23,78,44,64,235,63,8,4,4,157,70,78,37,109,48,204,199
1985-03-31,31,19,71,247,15,147,43,17,216,82,259,61,66,4,100,75,28,92,80,70,26,9,147,51,112,90,119,179,103,109,17,301,23,79,44,64,236,62,9,4,4,161,70,79,36,110,48,206,198
1985-04-30,31,17,71,244,14,146,42,15,219,82,261,59,66,4,100,75,28,94,78,70,27,9,149,51,112,89,119,181,102,108,16,297,23,78,44,63,234,61,9,4,4,161,70,77,36,109,48,205,197
1985-05-31,31,17,70,243,14,141,42,15,219,83,260,61,66,4,99,74,29,94,78,71,27,8,148,51,112,89,118,180,102,106,16,295,23,78,45,61,232,61,9,4,4,160,69,77,36,109,48,205,200
1985-06-30,32,17,74,250,15,141,45,15,232,84,268,62,67,6,106,75,29,98,76,76,27,8,151,60,116,95,122,185,105,113,17,305,27,82,47,59,239,62,9,4,5,162,69,91,39,114,49,206,208
1985-07-31,31,18,73,250,15,142,45,15,232,84,266,61,66,6,106,75,27,98,76,75,27,8,150,60,114,95,121,182,105,113,17,300,27,82,45,60,241,61,9,4,5,160,69,91,38,114,47,206,205
1985-08-31,30,18,72,247,15,141,45,15,229,84,266,60,65,6,106,74,28,97,76,77,27,8,152,60,114,96,121,182,104,112,17,297,27,83,45,59,240,62,9,3,5,161,68,90,38,113,48,206,201
1985-09-30,30,18,71,247,15,141,45,15,226,85,265,58,65,6,107,74,28,97,77,74,27,8,153,61,114,96,120,180,106,112,17,291,27,82,45,59,238,62,9,3,5,164,68,89,37,113,46,206,201
1985-10-31,30,18,70,245,15,140,45,15,228,85,267,57,64,7,107,74,28,96,76,72,27,8,150,60,112,96,119,177,105,111,16,286,26,82,47,59,237,62,9,3,5,164,69,90,37,112,44,206,198
1985-11-30,29,18,69,239,15,140,45,15,226,85,269,57,64,7,106,74,28,95,76,73,27,8,149,61,109,95,119,176,104,110,16,281,26,81,46,58,234,61,9,3,5,163,67,88,37,113,44,204,195
1985-12-31,29,18,69,239,15,143,45,16,226,82,275,57,63,7,109,75,27,96,76,71,27,8,147,61,108,97,121,183,104,111,17,275,25,81,47,58,233,62,9,3,5,163,66,88,37,113,45,206,192
1986-01-31,29,18,70,240,15,142,44,16,227,82,276,58,60,7,108,74,27,95,76,70,28,8,149,61,108,97,122,182,101,109,17,269,25,81,47,59,233,61,9,3,5,163,65,88,36,111,45,205,190
1986-02-28,28,18,71,236,15,142,44,16,227,81,276,58,58,7,109,73,27,96,76,72,28,8,148,62,108,96,123,180,100,108,17,264,26,81,46,58,230,60,9,3,5,162,66,86,35,111,45,204,190
1986-03-31,28,16,71,236,14,138,45,16,228,80,278,58,59,7,111,72,27,98,75,72,28,8,147,59,108,97,125,181,99,109,17,261,26,81,45,58,232,64,9,3,5,163,67,85,35,111,45,201,193
1986-04-30,27,16,71,235,14,138,44,16,228,80,278,57,59,7,111,72,26,96,75,72,28,8,147,57,106,97,126,182,99,108,17,255,26,81,45,57,229,63,9,3,5,162,67,84,35,109,45,200,190
1986-05-31,27,16,70,235,14,134,43,15,227,80,277,57,59,7,110,71,25,98,75,69,28,8,147,58,106,97,126,181,98,107,17,247,26,82,45,57,228,63,9,3,5,163,65,84,35,108,45,200,188
1986-06-30,27,18,70,246,15,134,47,16,238,79,277,57,62,10,112,70,25,105,77,74,33,7,154,66,108,106,127,191,100,115,18,248,28,84,49,62,230,64,9,3,4,169,68,87,37,109,44,203,196
1986-07-31,27,18,70,242,14,135,46,16,233,79,278,56,61,10,112,69,25,103,76,75,33,7,151,65,107,105,128,189,100,115,17,241,28,84,48,61,237,64,9,3,4,169,67,87,37,108,45,203,198
1986-08-31,25,18,70,242,14,134,46,16,231,79,278,57,61,10,112,68,25,101,77,75,33,7,147,64,106,105,128,188,97,114,17,237,26,84,47,61,236,64,9,3,4,168,67,88,37,106,45,202,196
1986-09-30,25,18,69,243,13,133,46,16,232,78,277,57,64,10,115,66,24,100,77,77,32,7,151,64,106,104,124,189,99,114,17,237,26,83,46,60,234,64,9,3,4,172,66,89,35,107,45,202,192
1986-10-31,25,17,69,242,13,130,46,16,229,77,276,56,64,9,115,65,24,100,77,75,32,7,149,62,103,102,124,188,99,114,16,229,26,82,45,61,229,64,9,3,4,172,66,88,34,107,45,202,191
1986-11-30,25,17,68,239,12,127,46,16,228,76,270,56,64,9,116,64,21,100,78,75,30,7,147,62,103,99,122,184,95,113,16,221,26,81,45,61,226,60,8,3,4,171,65,89,34,102,45,201,191
1986-12-31,25,17,70,240,12,127,46,16,229,77,270,55,65,9,118,64,21,105,77,77,31,7,150,60,105,99,125,183,97,114,17,221,26,79,44,60,232,61,8,3,4,175,66,91,36,103,42,202,193
1987-01-31,24,17,70,239,12,127,46,16,229,75,270,54,64,9,118,64,21,105,77,78,31,7,151,60,104,99,126,182,96,113,17,219,26,79,44,60,231,61,8,3,4,177,66,92,36,100,42,202,193
1987-02-28,24,17,70,237,12,125,46,15,228,74,269,55,62,9,117,64,21,105,77,78,31,7,150,60,105,99,123,182,98,113,16,218,26,79,45,59,232,62,8,3,4,177,65,92,35,101,42,202,192
1987-03-31,24,18,70,239,11,125,45,15,233,74,272,55,62,9,121,64,21,105,79,78,31,7,152,65,104,99,123,183,98,114,16,213,26,79,49,61,233,59,8,3,4,180,65,93,35,99,41,202,195
1987-04-30,24,17,70,237,11,124,45,15,234,74,273,54,63,9,122,65,22,105,78,78,31,7,152,66,103,97,124,182,97,118,16,211,26,79,50,61,232,60,8,3,4,183,66,94,36,99,41,202,197
1987-05-31,24,16,68,236,11,123,45,15,234,75,272,56,62,9,123,65,22,105,79,79,30,7,150,66,104,97,123,180,96,118,16,209,26,79,50,60,232,59,8,3,4,183,65,95,34,98,41,202,194
1987-06-30,24,16,69,261,11,126,48,16,246,78,276,60,67,9,141,65,23,123,83,86,34,7,159,72,110,113,126,190,103,130,16,211,34,79,54,62,246,66,9,3,5,194,68,105,38,116,42,202,202
1987-07-31,24,16,68,260,11,124,48,15,246,78,272,61,66,9,141,63,23,125,83,85,31,7,159,72,111,115,126,189,103,130,16,208,34,79,54,62,261,63,9,3,5,196,68,103,38,116,42,202,202
1987-08-31,24,16,68,258,11,124,49,15,245,76,270,61,65,9,141,63,23,126,84,86,32,7,158,72,112,115,124,188,101,129,17,204,34,79,54,63,262,60,9,3,5,195,68,104,38,115,41,202,204
1987-09-30,23,14,68,259,11,124,50,15,244,76,272,60,66,9,143,61,23,129,84,90,33,7,158,72,114,116,123,188,102,132,17,203,33,79,56,60,255,60,9,3,5,199,67,101,38,115,42,202,211
1987-10-31,24,13,69,259,11,124,50,15,241,76,276,59,68,9,142,61,22,131,84,90,32,7,158,73,113,116,120,189,100,131,17,201,33,78,56,58,252,62,9,3,5,201,67,102,38,114,43,203,212
1987-11-30,24,13,69,257,11,124,51,15,240,76,269,59,70,9,143,61,22,130,82,89,32,7,157,75,111,117,118,189,99,128,16,201,32,78,55,59,245,62,9,3,5,201,67,102,38,113,43,203,211
1987-12-31,24,14,69,258,11,125,50,15,243,75,275,59,73,9,144,64,22,131,83,89,31,6,156,79,111,121,123,189,99,131,16,202,33,78,55,58,247,61,9,3,6,208,67,102,39,116,43,202,215
1988-01-31,24,14,69,255,11,125,50,15,235,75,273,59,72,9,143,63,22,132,82,90,31,6,156,79,109,120,121,188,98,129,16,201,33,78,53,58,243,58,9,3,6,204,67,101,40,115,43,201,212
1988-02-29,24,13,69,251,10,125,49,14,235,75,276,59,73,9,140,61,21,131,83,90,31,6,156,79,109,121,121,189,97,128,16,200,35,78,53,59,242,57,8,3,6,201,67,98,40,113,43,200,212
1988-03-31,24,14,68,257,10,122,49,14,237,75,275,58,75,9,142,61,21,129,83,90,31,6,157,79,109,121,119,189,98,128,15,203,35,80,53,61,244,58,9,3,6,204,66,98,40,112,44,200,214
1988-04-30,24,15,64,256,9,121,48,13,234,75,278,58,73,9,142,61,21,126,84,90,31,6,157,79,110,121,122,186,97,130,15,200,35,79,53,60,242,57,9,3,5,205,66,97,40,109,42,200,211
1988-05-31,25,15,64,255,9,121,47,13,234,75,279,58,73,9,142,59,21,125,81,89,31,6,156,78,110,121,121,184,97,132,14,199,35,79,53,60,241,56,9,3,5,202,67,96,42,109,40,198,210
1988-06-30,26,17,67,272,10,127,47,14,241,82,284,59,73,9,155,62,24,134,89,94,36,6,161,82,114,139,124,191,99,140,16,209,42,80,56,62,248,61,9,3,5,219,72,106,44,111,43,198,227
1988-07-31,26,16,67,269,10,125,47,14,238,82,281,59,71,9,154,64,23,132,90,93,36,6,159,82,114,140,121,189,96,137,16,207,42,80,55,61,257,61,9,3,5,218,70,104,44,108,43,196,226
1988-08-31,26,16,66,267,10,125,46,14,234,82,279,59,71,9,153,65,23,130,89,92,36,6,156,80,115,140,120,187,96,136,16,204,43,79,53,61,258,60,9,3,5,218,70,105,45,107,42,196,223
1988-09-30,26,17,66,267,10,125,46,14,233,82,283,59,74,9,154,65,23,131,90,95,36,6,159,80,112,141,121,189,98,140,17,203,43,78,52,61,257,59,9,3,5,218,70,106,43,105,41,196,223
1988-10-31,26,17,66,267,10,122,45,14,230,81,283,60,71,8,154,65,23,130,90,95,37,5,156,79,109,141,120,188,97,141,14,201,44,76,52,61,251,59,8,3,5,218,69,107,43,106,41,196,224
1988-11-30,26,17,65,265,10,120,43,14,227,81,282,60,70,8,153,64,22,125,89,95,36,5,155,78,106,139,117,184,94,140,15,195,45,76,50,59,250,58,8,3,5,219,69,105,43,104,42,196,222
1988-12-31,26,16,66,263,10,121,43,14,226,83,283,62,70,8,156,65,22,126,89,91,37,5,156,78,104,139,117,183,94,143,16,192,45,77,50,60,253,58,8,3,5,219,69,103,43,104,42,195,223
1989-01-31,26,16,65,262,10,122,43,14,226,83,281,62,70,8,156,64,20,123,88,90,37,5,154,78,103,139,117,182,95,144,16,191,44,78,50,61,254,58,8,3,5,217,69,102,44,102,41,195,222
1989-02-28,26,16,65,260,10,121,43,14,224,85,276,61,68,8,156,64,20,122,87,88,37,5,152,77,103,139,118,182,94,143,16,189,44,78,51,61,252,58,7,3,5,213,69,101,44,102,39,195,221
1989-03-31,27,16,65,263,9,123,43,15,223,86,277,61,68,8,156,66,21,122,88,88,35,5,151,78,100,137,119,181,90,142,16,186,44,79,52,59,254,56,7,3,5,215,71,100,43,101,40,196,220
1989-04-30,27,16,66,265,8,123,43,15,221,86,274,59,70,8,154,66,21,121,85,88,35,5,149,78,100,136,120,179,90,142,16,184,45,79,51,58,249,56,7,3,5,214,71,99,43,100,40,195,217
1989-05-31,27,16,66,263,8,123,42,15,219,85,272,59,70,7,151,64,21,119,87,87,35,5,146,77,100,136,118,179,88,140,16,183,45,79,50,58,246,53,7,3,5,211,70,99,42,99,37,194,218
1989-06-30,28,16,66,326,9,125,43,15,230,87,273,60,72,8,159,65,21,123,88,88,35,5,152,82,103,140,118,181,89,148,18,190,50,79,53,59,248,55,8,3,5,217,71,111,42,100,37,194,225
1989-07-31,28,15,66,325,10,123,43,15,226,85,272,60,66,7,160,64,21,122,88,87,36,5,153,82,100,140,117,181,87,146,18,189,50,79,53,58,249,55,8,3,5,216,69,107,43,98,37,194,222
1989-08-31,28,15,66,324,10,122,43,15,225,85,269,60,66,7,158,65,22,120,87,84,36,5,152,82,99,139,117,180,84,145,18,185,50,78,53,56,248,54,8,3,5,215,70,107,43,97,37,194,221
1989-09-30,28,15,67,321,10,121,43,15,221,85,270,60,65,7,153,65,22,120,88,85,35,5,152,81,98,139,119,177,84,144,18,188,51,76,53,57,248,56,8,3,5,221,70,107,43,96,37,194,220
1989-10-31,28,15,67,321,10,120,43,14,216,85,270,59,65,7,155,65,22,115,88,83,34,5,152,79,98,137,118,177,84,144,18,187,50,77,53,57,242,56,8,3,5,217,70,107,43,94,36,194,219
1989-11-30,29,15,66,320,10,120,43,13,216,85,268,59,65,7,152,65,22,114,88,81,34,5,152,79,96,137,118,176,82,143,18,187,52,75,53,57,237,58,8,3,5,216,70,107,43,92,36,194,222
1989-12-31,29,15,67,318,11,117,44,13,215,85,264,58,65,7,151,66,22,112,86,84,34,5,153,80,95,137,117,177,82,142,18,189,52,75,53,58,237,59,8,3,5,217,70,108,41,92,37,194,223
1990-01-31,29,15,68,316,11,116,44,13,213,85,264,58,63,7,153,65,22,112,86,84,34,5,150,80,94,137,117,175,80,142,18,189,50,75,51,58,235,59,8,3,5,214,69,108,40,93,37,193,219
1990-02-28,28,16,68,312,11,115,44,13,210,84,263,57,65,7,152,66,22,111,85,83,33,5,147,80,92,137,116,177,80,141,18,188,50,73,50,58,236,59,7,3,5,216,69,108,40,92,38,193,215
1990-03-31,29,16,68,312,11,116,44,13,210,86,262,57,62,7,152,66,22,111,83,87,32,6,143,79,93,136,114,172,78,141,18,187,50,73,50,57,234,60,7,3,5,217,70,107,40,95,38,193,209
1990-04-30,29,16,69,309,11,116,44,13,210,86,259,57,62,7,151,65,22,110,83,85,32,6,142,79,93,136,113,171,77,140,18,186,49,73,50,57,234,60,8,3,5,219,70,107,39,94,38,193,207
1990-05-31,29,16,68,307,11,115,43,12,209,86,257,57,61,7,151,64,22,111,83,84,31,6,138,80,92,135,112,172,76,140,18,185,50,72,49,57,230,59,8,3,5,215,70,104,39,93,38,193,203
1990-06-30,29,17,70,317,11,116,46,12,217,87,258,58,60,7,156,64,23,112,85,90,34,7,143,87,95,138,113,178,81,148,20,197,52,72,52,56,231,63,8,3,6,222,72,115,39,94,38,197,210
1990-07-31,29,17,68,314,11,116,46,12,216,87,256,58,59,7,156,64,23,111,86,89,33,7,142,87,95,138,113,176,80,148,20,194,52,72,51,56,234,63,8,3,6,222,70,113,39,95,38,197,208
1990-08-31,29,17,68,311,11,115,46,12,215,88,255,58,60,7,154,64,23,111,86,88,33,7,142,87,94,137,112,176,80,146,20,193,52,72,51,55,235,63,8,3,6,221,70,112,38,95,36,197,206
1990-09-30,29,17,67,310,12,115,45,12,215,88,255,56,60,7,153,64,23,111,86,87,33,7,143,88,93,137,110,173,81,144,20,193,51,71,51,56,232,63,9,3,6,224,71,112,36,94,37,197,206
1990-10-31,29,17,67,306,12,115,45,12,213,88,256,57,61,7,152,64,23,110,85,86,33,6,141,89,94,136,109,172,82,142,20,193,52,69,51,55,232,62,9,3,6,222,71,111,37,93,37,194,203
1990-11-30,29,17,67,306,12,114,45,12,214,88,253,57,62,7,153,63,23,109,85,84,33,6,140,92,94,137,108,170,83,142,20,191,52,68,51,55,232,61,9,3,6,221,70,111,37,92,37,193,205
1990-12-31,29,17,67,307,12,114,45,12,212,90,249,57,61,7,157,64,23,109,86,83,34,6,142,92,93,137,109,167,82,140,20,189,52,68,49,54,231,62,9,3,6,224,70,112,36,92,38,193,204
1991-01-31,29,17,67,306,12,114,45,12,211,89,251,57,62,7,156,63,23,106,86,83,34,6,142,90,93,137,110,168,81,140,20,188,52,69,47,53,227,62,9,3,6,221,70,111,36,92,38,193,204
1991-02-28,29,17,67,306,12,112,45,12,209,88,251,57,59,7,155,62,23,106,84,82,34,5,143,91,93,138,110,166,81,139,20,187,53,70,48,53,227,61,9,3,6,217,71,111,35,92,37,193,202
1991-03-31,29,17,67,307,12,111,45,12,205,89,248,56,59,6,156,62,22,107,84,82,34,5,144,91,94,137,109,167,80,142,20,189,53,70,45,52,226,60,9,3,6,219,70,111,35,91,37,193,196
1991-04-30,29,17,66,306,12,111,43,11,204,90,246,56,60,6,156,60,22,106,84,82,34,5,144,90,93,137,109,167,80,142,20,188,52,67,45,51,226,58,9,3,6,219,70,112,35,90,36,193,191
1991-05-31,29,17,66,306,12,111,44,11,202,89,246,56,60,6,156,61,22,107,83,82,33,5,142,90,93,137,109,167,81,142,20,188,52,67,45,51,225,57,8,3,6,218,68,112,35,91,36,192,190
1991-06-30,30,19,66,323,13,114,46,11,207,90,251,57,60,6,162,64,24,111,81,84,31,8,143,99,97,144,109,169,83,151,21,201,59,68,47,53,232,59,9,3,7,222,70,114,37,95,36,195,194
1991-07-31,30,18,66,322,12,112,46,11,206,90,248,56,61,6,162,64,24,110,82,82,32,8,143,97,96,144,108,166,83,151,21,201,59,69,46,53,231,59,9,3,7,223,70,113,36,94,36,195,194
1991-08-31,30,18,66,320,12,112,46,11,205,90,245,56,60,6,161,64,24,109,82,82,32,8,141,97,96,144,109,166,81,152,21,201,59,70,46,53,232,59,9,3,7,222,70,111,36,93,36,195,194
1991-09-30,30,17,67,318,12,112,46,11,206,89,245,56,60,6,161,64,26,108,81,82,31,8,140,99,96,143,108,167,81,152,21,203,59,70,46,53,231,59,9,3,7,223,70,111,36,91,36,195,192
1991-10-31,30,18,66,317,12,110,45,11,204,90,244,55,60,6,162,64,26,107,81,81,31,8,140,101,95,144,107,166,82,152,20,203,57,70,46,53,229,59,9,3,7,221,70,111,35,93,36,194,190
1991-11-30,30,18,66,313,12,108,45,10,204,90,242,55,61,6,162,64,26,105,80,79,31,8,136,102,93,143,107,165,80,151,20,204,58,70,46,53,229,59,8,3,6,218,69,110,35,93,36,194,189
1991-12-31,30,18,66,315,12,107,44,10,201,90,244,56,61,6,161,64,26,107,82,81,31,8,135,102,92,144,107,165,80,152,19,203,57,70,49,53,228,57,8,3,6,221,69,110,35,92,36,194,192
1992-01-31,30,18,66,314,12,107,45,10,201,91,243,54,59,6,160,64,26,106,83,79,31,8,132,102,91,142,106,165,80,151,19,200,57,69,48,53,225,57,7,3,6,220,69,108,35,92,36,194,189
1992-02-29,30,17,66,311,12,107,45,10,200,89,240,54,58,6,157,63,26,106,83,79,30,8,131,102,90,142,105,164,81,151,19,198,54,68,47,54,224,57,7,3,6,219,69,107,35,92,37,194,187
1992-03-31,30,18,65,314,12,107,45,10,199,88,241,54,57,6,154,64,26,105,84,78,30,8,132,105,88,141,106,164,79,152,19,196,54,68,45,51,230,58,7,3,6,218,69,108,35,90,37,192,188
1992-04-30,29,18,65,312,11,107,45,10,197,87,240,56,56,6,154,64,25,104,84,78,29,8,130,103,89,141,105,162,78,151,19,193,53,69,45,50,227,58,7,3,6,214,69,106,33,90,37,192,188
1992-05-31,28,18,65,310,11,105,45,10,193,87,239,56,55,6,154,64,25,103,82,75,28,8,128,101,88,140,104,160,77,151,18,189,53,68,44,49,224,58,7,3,6,211,69,105,33,89,36,191,187
1992-06-30,27,19,68,324,11,107,46,11,204,88,244,61,57,6,184,67,25,110,83,76,28,8,130,119,88,160,103,168,86,165,17,194,64,67,45,48,234,57,7,3,6,225,69,116,37,92,36,191,195
1992-07-31,27,18,68,324,11,106,46,11,202,88,241,60,56,6,185,66,25,109,83,74,28,8,131,119,85,158,101,167,84,163,16,190,65,67,45,47,242,57,7,3,6,222,69,113,37,92,36,191,195
1992-08-31,27,18,68,324,11,106,46,11,202,87,239,61,57,6,184,66,25,110,82,74,27,8,130,117,85,158,101,169,84,162,15,188,64,67,45,46,243,56,7,3,6,221,68,114,39,92,36,191,196
1992-09-30,27,19,67,323,11,105,46,11,204,87,239,62,56,6,187,66,25,109,81,73,27,8,128,115,84,155,100,167,83,165,15,187,63,68,45,46,242,55,7,3,6,224,68,115,40,93,35,191,197
1992-10-31,27,19,67,321,10,104,46,11,203,87,239,61,57,6,187,66,25,109,82,73,27,8,128,115,84,154,98,168,82,166,15,187,63,68,45,44,243,53,7,3,7,223,68,115,40,94,33,191,196
1992-11-30,27,18,67,319,10,103,47,11,201,87,238,63,57,6,187,66,25,107,83,73,27,8,128,115,84,153,98,168,82,167,15,183,64,69,44,46,242,53,7,3,7,222,68,113,40,93,34,191,195
1992-12-31,27,19,68,319,10,103,47,12,200,88,236,64,57,7,190,66,24,109,83,75,27,8,126,118,86,154,99,166,83,171,15,185,64,68,44,44,246,52,7,3,7,230,68,116,41,93,33,191,197
1993-01-31,27,19,69,317,10,101,46,12,200,89,237,63,56,7,186,66,24,109,83,76,27,8,126,118,86,154,98,167,84,170,14,184,64,68,42,44,244,52,8,3,7,231,67,117,41,93,33,191,197
1993-02-28,27,19,69,314,10,100,45,11,199,90,239,65,56,7,186,66,24,107,84,75,26,8,123,117,86,154,98,166,84,172,15,183,64,68,43,44,245,53,8,3,7,231,67,114,41,93,32,191,196
1993-03-31,26,19,69,311,10,100,45,10,198,91,244,65,57,7,189,66,24,110,84,74,26,8,125,121,86,154,102,166,86,170,15,184,65,68,43,42,243,53,8,3,7,235,67,115,41,92,35,191,196
1993-04-30,26,19,69,309,10,101,46,10,196,91,245,65,58,7,188,68,24,110,84,74,26,8,124,121,86,155,102,165,86,170,15,184,64,67,43,43,245,53,8,3,7,235,67,116,40,91,36,191,195
1993-05-31,25,19,69,308,10,99,45,10,198,92,242,64,58,6,188,68,24,110,84,73,26,8,124,122,85,154,102,163,84,171,15,183,64,68,43,41,245,53,8,3,7,236,66,115,40,90,36,191,195
1993-06-30,26,19,72,328,11,102,45,12,209,99,255,66,61,5,215,71,26,113,88,77,27,8,137,139,92,170,103,167,95,189,15,194,68,72,44,46,257,55,8,3,8,251,68,126,46,101,41,194,202
1993-07-31,25,18,73,326,11,103,44,12,209,99,254,66,62,5,216,70,26,111,88,77,25,8,138,137,92,171,103,164,95,187,15,193,67,71,44,46,280,55,8,3,8,251,68,125,46,101,41,194,199
1993-08-31,25,18,72,327,11,103,45,12,209,99,254,66,62,5,216,70,27,110,88,78,25,8,139,136,90,169,103,164,95,185,15,194,66,72,44,46,282,54,8,3,8,249,68,124,45,101,41,194,198
1993-09-30,25,18,72,329,10,103,44,12,212,98,256,67,62,6,216,71,27,109,89,79,25,8,139,135,92,168,103,164,97,188,15,195,67,71,44,45,283,54,8,3,8,254,67,123,45,101,41,194,199
1993-10-31,24,18,71,329,10,103,44,12,213,98,256,66,62,5,219,71,27,109,89,80,25,8,137,134,91,169,103,164,97,188,15,194,66,71,44,45,281,55,7,3,8,254,63,123,45,101,41,194,201
1993-11-30,24,18,72,329,10,103,44,12,213,97,253,66,63,5,217,71,27,110,89,81,25,7,137,134,92,169,102,163,98,187,13,194,66,70,43,44,282,55,7,3,8,250,63,122,44,101,39,193,201
1993-12-31,24,18,73,380,11,104,44,12,213,97,256,65,63,5,219,72,27,111,90,81,25,7,140,135,93,167,102,164,99,189,13,195,66,70,45,44,280,55,7,3,8,256,64,123,44,100,38,191,203
1994-01-31,24,18,73,382,11,103,44,12,212,97,255,65,63,5,220,71,27,110,90,80,25,7,137,132,91,167,101,162,99,189,13,196,64,70,45,44,279,55,7,3,8,256,64,121,44,99,38,192,202
1994-02-28,24,19,72,379,12,103,44,12,211,97,255,65,64,5,223,71,27,109,90,81,25,7,137,131,89,167,102,162,98,188,13,195,64,70,46,43,280,55,6,3,8,256,64,121,44,97,38,192,201
1994-03-31,23,19,73,422,12,101,44,12,210,96,257,66,63,5,225,73,26,110,93,82,25,7,136,128,90,167,101,165,99,188,13,194,64,70,47,43,281,56,6,3,8,255,65,121,44,96,39,191,207
1994-04-30,23,19,73,421,12,100,45,12,211,96,258,67,62,5,225,73,27,111,93,83,25,7,133,127,88,167,102,164,97,186,13,194,65,70,47,43,282,56,6,3,9,251,65,121,44,96,40,191,205
1994-05-31,23,19,73,416,12,100,45,12,209,97,256,68,62,5,224,73,27,110,93,83,24,7,133,124,88,166,102,163,97,184,13,194,63,70,47,42,282,57,6,3,9,252,64,121,44,97,40,191,205
1994-06-30,24,20,80,782,14,109,45,14,235,100,277,74,74,5,254,78,31,116,96,95,26,7,149,134,102,254,110,178,111,195,13,218,68,73,51,45,299,64,7,3,11,291,73,147,52,111,41,190,225
1994-07-31,23,20,79,777,14,108,46,14,234,100,276,77,74,5,253,77,31,117,94,91,26,7,150,132,103,254,109,175,111,195,13,218,66,73,51,45,317,63,7,3,11,289,73,146,52,109,41,190,225
1994-08-31,23,20,79,769,14,108,46,14,232,100,276,76,74,5,251,77,31,117,94,90,26,7,147,131,103,252,109,175,111,195,13,216,66,73,51,45,315,63,7,3,11,287,73,144,52,109,41,190,222
1994-09-30,24,20,79,784,14,109,45,14,233,100,283,76,75,5,251,80,31,119,95,91,26,7,147,131,102,249,109,179,110,189,13,215,66,75,51,45,318,65,7,3,11,293,75,146,53,109,41,189,224
1994-10-31,24,19,78,779,14,109,46,14,234,97,283,75,75,5,250,80,31,120,93,91,26,7,145,131,102,248,109,180,111,186,13,213,66,75,51,42,319,66,7,3,11,290,77,146,53,109,41,189,223
1994-11-30,24,19,78,770,14,109,45,14,235,96,282,75,75,5,249,80,30,122,93,92,25,8,145,129,100,246,107,179,110,185,13,211,65,75,51,42,318,65,7,3,10,286,78,143,52,109,41,188,222
1994-12-31,24,19,79,778,14,109,46,14,235,96,281,76,74,5,248,79,29,122,95,96,25,8,146,132,99,243,106,182,109,186,14,214,64,76,53,42,317,65,7,3,10,291,79,144,52,113,44,188,223
1995-01-31,24,19,79,771,14,108,45,14,234,96,281,75,74,5,247,77,30,121,95,98,25,8,146,130,100,243,106,182,109,185,14,213,62,76,53,41,311,65,7,3,10,288,80,144,53,113,45,187,227
1995-02-28,24,19,79,761,14,108,45,13,232,96,279,74,73,5,247,77,30,120,95,97,25,7,142,129,100,244,106,180,109,182,14,211,62,76,51,41,307,64,8,3,10,288,79,143,55,111,45,187,228
1995-03-31,24,19,79,776,14,107,46,14,236,96,283,73,73,5,245,79,30,120,98,100,25,7,142,127,99,243,108,180,108,181,14,210,61,76,52,41,303,64,8,3,10,289,80,144,55,111,45,188,225
1995-04-30,24,19,79,769,14,107,45,14,234,97,282,76,74,5,242,80,30,120,96,100,25,7,142,128,100,242,108,176,109,181,14,209,61,77,51,41,305,63,8,3,10,289,81,141,54,108,45,187,222
1995-05-31,23,19,77,764,13,107,45,14,230,96,282,74,74,5,244,80,30,121,97,101,25,7,142,127,100,241,107,175,109,180,14,208,59,77,51,41,303,63,8,3,10,287,81,138,53,108,45,185,221
1995-06-30,23,19,86,828,14,115,47,14,245,101,297,83,77,6,267,85,31,128,101,118,28,7,152,140,106,252,108,185,121,185,15,219,63,82,58,42,304,66,10,3,10,309,86,160,59,122,45,185,235
1995-07-31,23,19,85,826,14,115,47,14,245,101,300,85,76,6,265,85,31,127,100,116,27,7,151,138,106,251,109,185,121,183,14,218,63,82,58,42,312,66,10,3,10,306,86,158,58,120,44,185,233
1995-08-31,24,19,85,820,14,114,47,14,245,101,299,85,75,6,263,87,31,127,100,115,27,7,151,136,106,246,109,186,120,182,14,217,63,82,56,42,314,66,10,3,10,305,85,153,56,119,44,184,232
1995-09-30,24,19,84,819,14,113,46,14,241,101,301,85,74,6,261,87,31,127,100,118,27,7,152,137,106,243,108,187,121,182,14,218,62,82,57,42,313,66,10,3,10,307,85,153,57,118,44,184,235
1995-10-31,24,19,85,813,14,111,46,14,242,100,302,85,74,6,256,85,31,125,99,115,27,7,151,133,106,242,108,187,120,181,14,217,62,82,57,42,313,65,10,3,10,304,85,152,56,118,44,184,234
1995-11-30,24,19,85,803,14,112,46,14,241,98,301,84,74,6,254,85,30,124,99,115,27,7,146,132,105,239,107,187,121,180,14,216,62,80,57,42,310,65,10,3,10,303,85,152,56,118,44,184,233
1995-12-31,24,19,86,791,14,110,45,14,239,98,302,85,76,6,257,83,30,125,100,114,26,7,148,131,104,234,107,189,120,178,14,215,62,80,57,41,310,65,10,3,10,309,85,153,56,118,44,184,233
1996-01-31,24,19,85,780,14,111,45,14,237,98,303,85,75,6,257,83,30,124,100,114,26,7,146,129,99,234,107,188,119,176,14,213,62,80,57,40,306,63,10,3,10,309,85,151,57,118,44,184,232
1996-02-29,24,19,86,773,14,110,45,13,234,96,302,85,75,6,258,83,29,124,100,113,26,7,146,128,97,231,107,188,119,174,14,213,62,79,58,40,307,63,10,3,10,307,84,150,56,116,44,184,230
1996-03-31,24,18,86,770,14,109,45,14,236,96,304,85,77,6,257,83,29,125,98,113,26,7,149,127,99,228,107,191,120,174,14,214,62,78,57,39,305,62,10,3,11,311,83,149,57,116,44,184,232
1996-04-30,24,18,86,766,14,108,45,14,234,94,304,84,77,6,257,82,29,125,98,112,26,7,148,125,99,226,107,191,119,172,14,212,58,77,57,38,305,61,10,3,11,312,83,148,57,116,44,184,232
1996-05-31,24,18,84,759,14,107,44,14,235,94,304,83,77,6,257,82,29,126,97,112,25,7,148,126,99,226,107,189,118,171,14,210,58,76,56,38,304,61,10,3,11,312,83,147,57,115,44,183,231
1996-06-30,24,19,87,800,19,112,50,14,262,98,330,87,79,6,280,85,29,132,102,114,25,7,161,139,102,243,119,199,131,185,16,217,61,82,63,43,307,65,11,4,11,379,87,170,62,127,43,185,247
1996-07-31,24,19,87,796,19,112,49,14,259,95,329,87,79,6,278,84,29,132,101,114,25,7,158,136,104,241,119,198,130,184,16,216,60,81,64,43,314,64,11,4,11,376,85,170,60,126,43,185,243
1996-08-31,24,18,86,792,19,112,48,14,257,94,327,87,78,6,278,83,29,132,101,114,25,7,158,135,103,239,119,197,128,181,16,215,59,81,63,44,312,63,11,4,11,376,85,169,59,124,42,185,242
1996-09-30,24,18,85,782,19,111,48,15,256,92,334,87,78,6,278,83,28,131,101,114,25,7,162,134,102,238,119,199,128,183,16,214,58,79,65,44,313,64,11,4,11,386,85,168,60,124,42,185,237
1996-10-31,24,18,84,774,19,110,48,15,254,92,331,88,78,6,279,83,27,131,101,114,25,7,162,133,103,236,119,196,126,183,16,214,58,79,65,43,311,64,11,4,11,385,84,165,60,123,41,185,236
1996-11-30,24,18,82,768,19,110,48,15,252,90,331,88,78,7,280,82,27,131,100,110,25,7,161,129,102,232,119,198,127,181,16,212,56,79,64,43,306,64,10,4,11,383,84,166,61,122,41,185,235
1996-12-31,24,18,82,762,19,110,48,15,257,89,331,88,79,6,287,82,27,131,100,112,25,7,163,131,103,231,122,201,127,186,17,213,55,79,61,42,301,65,10,4,11,387,83,165,61,124,41,185,235
1997-01-31,24,17,80,757,19,110,46,15,257,89,329,87,77,6,286,83,27,131,98,112,25,7,162,129,103,230,121,202,126,186,17,213,55,79,61,42,298,65,10,4,11,384,83,165,61,122,41,184,232
1997-02-28,24,17,80,747,19,108,46,15,256,88,327,87,77,6,285,83,27,132,97,112,25,7,160,126,103,225,120,201,126,184,17,212,54,80,61,42,295,64,10,4,11,384,83,162,58,122,40,183,232
1997-03-31,24,16,81,747,20,108,46,15,258,88,327,88,78,5,286,84,27,132,96,111,24,7,161,129,102,221,121,202,127,185,17,211,55,79,62,42,297,64,10,4,11,392,83,159,59,124,40,182,231
1997-04-30,24,15,79,740,20,107,46,15,259,88,327,88,77,5,285,83,27,131,96,111,23,7,162,129,102,221,120,204,126,183,17,209,54,79,62,42,296,64,9,4,11,391,84,157,58,123,39,182,231
1997-05-31,24,15,78,727,20,106,45,15,260,88,325,86,76,5,282,83,27,130,96,110,22,7,158,128,102,216,119,202,126,182,17,207,53,79,61,41,294,63,9,4,11,389,84,156,57,122,40,181,230
1997-06-30,26,15,84,776,22,114,50,16,315,92,343,90,82,5,333,90,28,144,99,116,23,7,169,141,112,227,128,212,147,219,19,219,59,81,70,46,306,63,10,5,11,496,88,196,63,134,42,184,249
1997-07-31,25,15,85,766,22,114,50,16,315,91,342,90,82,5,332,90,27,145,101,119,22,7,167,140,109,222,126,210,146,216,19,216,59,79,70,47,317,62,10,5,11,491,88,195,62,134,42,179,248
1997-08-31,24,15,85,760,21,113,50,16,313,91,341,90,81,5,329,90,27,144,99,118,22,7,165,137,109,219,126,209,144,212,19,216,59,79,70,47,311,60,10,4,11,488,88,192,62,134,42,179,247
1997-09-30,25,15,84,753,21,112,49,16,316,91,343,91,82,5,329,90,26,144,100,117,22,7,166,131,110,217,126,205,142,214,19,212,57,77,70,46,309,58,11,5,11,494,88,190,63,133,42,179,247
1997-10-31,25,15,84,746,22,112,49,16,312,90,340,91,82,5,327,89,26,142,99,116,22,7,167,130,109,215,125,204,141,212,19,210,56,78,70,45,308,58,11,5,10,493,89,189,63,132,42,178,245
1997-11-30,24,16,84,738,22,111,49,15,308,89,337,87,81,5,327,89,26,139,97,113,22,7,166,126,109,211,124,202,135,210,19,206,56,76,68,42,306,58,11,5,10,485,89,184,62,131,41,177,243
1997-12-31,24,16,83,736,22,109,49,15,313,89,339,87,82,5,326,88,25,137,95,115,22,7,170,129,108,210,123,205,134,212,19,206,56,76,69,43,305,58,11,5,10,487,86,182,60,131,40,174,238
1998-01-31,24,15,82,727,22,110,49,15,311,91,336,87,81,5,327,88,25,136,94,115,22,7,169,127,107,207,120,205,132,210,19,205,55,74,69,42,302,58,11,5,10,481,85,178,60,130,40,174,236
1998-02-28,24,15,81,714,22,109,49,15,309,90,333,86,79,5,322,87,25,135,91,112,21,7,169,126,107,206,120,204,129,207,19,203,54,72,69,41,297,57,11,5,10,478,84,173,60,129,40,173,233
1998-03-31,24,15,83,706,22,108,48,15,304,89,333,86,76,5,323,87,25,137,91,112,21,7,170,123,105,205,119,203,127,208,19,201,54,73,66,41,296,56,11,5,10,476,83,174,59,127,41,170,235
1998-04-30,24,15,83,693,22,108,47,15,302,89,332,85,76,5,321,87,25,135,90,110,21,7,169,122,104,205,119,203,127,206,19,197,52,73,65,41,295,55,11,5,10,473,82,172,58,127,41,169,232
1998-05-31,24,15,82,687,22,105,45,15,297,89,329,83,74,5,321,87,24,136,89,108,20,7,168,118,103,203,119,200,126,207,19,196,50,73,63,40,293,54,11,6,10,471,81,164,56,126,41,165,228
1998-06-30,26,16,82,710,22,110,47,15,330,90,341,85,80,5,346,88,23,144,93,114,20,8,178,125,105,215,131,206,128,225,21,210,52,74,73,47,311,56,12,6,10,541,86,177,58,135,44,167,241
1998-07-31,25,16,82,699,22,110,47,15,328,90,336,85,80,4,342,88,21,140,91,112,20,8,175,121,105,213,131,207,127,225,21,205,52,73,72,46,312,56,12,6,10,541,85,174,58,133,44,167,242
1998-08-31,24,16,82,697,22,110,46,15,327,89,332,85,80,3,342,86,21,139,91,109,19,8,173,118,103,209,127,205,125,222,21,202,51,73,70,46,309,56,12,6,10,529,83,171,57,131,44,165,241
1998-09-30,24,16,82,685,22,108,46,15,326,87,328,84,78,3,338,84,21,138,90,107,18,8,169,116,100,207,126,201,124,215,21,202,50,72,67,45,305,56,12,6,10,519,83,167,57,133,43,163,236
1998-10-31,24,15,81,679,22,108,46,15,324,87,325,83,78,3,336,84,21,137,89,105,17,8,166,113,99,205,125,199,124,213,20,201,50,72,67,44,302,55,12,5,10,515,82,163,56,132,43,163,235
1998-11-30,24,14,80,673,22,108,45,15,320,85,320,82,75,3,332,83,21,137,87,102,15,8,161,109,99,201,127,199,119,213,20,199,50,72,67,43,298,55,12,5,10,511,80,161,55,131,42,163,232
1998-12-31,24,14,80,675,22,107,44,15,315,83,319,82,75,3,332,80,21,138,87,100,14,8,162,108,96,200,125,199,119,211,19,198,48,72,69,43,297,55,12,4,10,506,79,159,54,130,42,162,230
1999-01-31,24,14,79,671,22,107,43,14,310,83,315,81,74,3,329,81,20,137,87,98,13,8,160,107,93,198,123,193,116,210,19,197,48,71,69,43,290,54,12,4,10,500,78,156,54,129,42,161,227
1999-02-28,24,14,78,664,22,106,42,14,306,83,311,81,73,3,323,78,20,135,88,96,13,8,156,104,93,197,122,191,116,205,18,189,47,69,68,41,285,52,12,4,10,491,78,151,54,127,42,159,223
1999-03-31,24,15,79,666,20,106,42,14,305,83,312,80,74,3,323,78,20,134,90,93,12,8,154,103,89,196,121,187,116,204,18,185,45,68,66,41,285,52,12,4,10,490,77,147,53,127,41,160,221
1999-04-30,24,15,79,661,20,106,42,14,304,84,308,80,74,3,322,78,20,131,90,89,11,8,152,100,88,195,118,187,114,204,18,181,45,67,64,41,281,54,12,4,10,487,76,142,53,126,40,158,218
1999-05-31,23,15,77,653,20,105,41,14,299,82,304,80,73,3,320,78,20,131,89,87,11,8,148,96,87,190,116,185,113,203,18,179,43,66,65,42,278,54,12,3,10,481,76,140,53,124,40,158,217
1999-06-30,25,15,77,735,20,106,44,16,324,83,311,86,75,3,330,78,21,142,93,94,11,8,152,100,92,193,115,186,121,207,18,187,49,65,70,50,288,58,13,3,10,527,77,155,53,127,39,158,219
1999-07-31,24,15,77,729,20,104,45,16,321,83,307,86,74,3,328,74,21,142,92,93,11,8,148,97,91,189,115,182,117,207,18,181,47,64,70,49,295,56,11,3,10,524,77,152,52,127,39,155,218
1999-08-31,24,15,75,725,20,104,45,16,317,81,306,86,72,3,325,74,20,141,92,92,11,8,142,96,91,187,114,181,115,201,18,177,46,64,69,48,293,56,11,3,10,517,75,150,50,123,37,154,215
1999-09-30,24,14,73,720,20,101,45,16,312,81,304,86,71,3,321,74,20,138,90,89,11,8,138,96,89,185,114,179,114,200,18,176,46,64,69,47,291,56,11,3,9,517,73,149,51,123,37,152,216
1999-10-31,24,14,73,709,20,102,45,16,307,80,300,86,71,3,313,72,18,136,89,87,11,8,137,92,87,183,112,175,113,193,17,174,45,64,70,47,290,55,9,3,9,509,71,146,50,123,37,150,216
1999-11-30,24,14,73,703,20,100,45,16,304,79,295,83,70,3,310,71,18,135,88,87,11,8,135,91,84,179,109,174,112,190,16,171,43,64,68,47,286,55,9,3,9,501,69,145,50,123,34,150,212
1999-12-31,24,14,73,708,22,98,45,16,302,80,293,82,69,3,308,71,18,136,89,85,11,8,135,90,83,178,108,174,113,190,16,171,43,64,68,47,284,55,9,3,9,498,69,145,50,124,34,148,213
2000-01-31,23,14,72,703,22,98,44,15,298,80,288,81,69,3,305,71,18,135,89,84,10,8,134,89,82,177,105,174,113,188,16,170,43,63,67,46,279,52,9,3,9,492,69,142,49,121,33,145,213
2000-02-29,23,14,71,690,22,97,43,15,290,80,286,79,68,3,304,69,18,133,88,81,10,8,134,88,82,172,104,170,113,187,16,169,41,63,68,45,276,52,9,3,9,486,69,142,48,120,32,143,211
2000-03-31,23,15,70,701,22,97,43,15,286,80,285,79,67,3,300,69,18,133,88,80,10,8,134,86,82,170,103,170,112,187,16,167,41,62,67,44,276,53,9,3,9,486,69,145,49,119,30,139,205
2000-04-30,23,15,69,699,22,97,43,15,285,81,285,78,66,3,300,70,18,134,87,79,10,8,136,84,79,170,99,169,112,184,16,166,41,62,66,43,275,53,9,2,9,479,66,142,48,117,29,138,204
2000-05-31,22,15,68,692,22,95,41,14,281,82,281,78,64,3,299,69,18,132,85,76,10,8,135,82,79,168,97,166,113,184,16,166,39,60,66,41,273,53,9,2,8,474,66,138,48,117,27,137,202
2000-06-30,22,15,69,798,22,97,43,14,315,82,295,78,65,4,309,70,19,145,86,79,9,8,142,86,79,177,98,167,116,185,17,174,40,59,67,43,285,54,9,3,9,629,67,170,50,119,27,138,209
2000-07-31,22,15,69,795,22,95,42,14,312,82,294,77,65,4,309,70,19,144,84,77,9,8,139,84,77,177,98,165,116,182,17,174,39,59,65,43,284,52,9,3,9,626,67,167,50,120,25,137,205
2000-08-31,22,14,68,790,22,95,41,14,304,79,291,77,64,4,305,70,18,142,83,77,9,8,138,83,77,175,98,164,115,180,17,173,39,58,64,42,280,49,9,3,9,618,66,167,50,119,25,131,203
2000-09-30,22,14,66,786,19,95,41,13,298,79,292,75,63,4,303,70,18,140,82,75,9,8,136,83,72,173,99,162,114,178,18,174,39,56,64,42,275,47,9,3,9,622,66,168,49,114,24,130,202
2000-10-31,22,14,65,776,19,92,41,13,296,77,293,73,62,4,294,69,18,137,82,73,9,8,134,81,71,171,98,161,113,175,18,174,39,55,63,41,269,48,9,3,9,619,66,166,48,113,24,126,195
2000-11-30,22,13,63,768,19,91,41,12,294,76,292,73,61,4,289,69,18,135,79,73,9,8,134,81,70,169,96,159,109,171,18,172,38,55,63,41,265,47,9,3,8,611,65,163,47,112,23,124,193
2000-12-31,22,13,63,762,19,90,41,12,295,75,292,74,60,4,287,69,18,133,77,67,8,7,134,81,67,170,96,155,106,170,18,169,37,55,62,41,266,47,9,3,8,609,63,163,47,111,22,122,192
2001-01-31,22,13,62,755,19,89,41,12,294,74,288,72,60,4,287,69,18,130,77,66,8,7,133,81,66,167,96,154,105,166,18,167,36,55,62,41,258,47,9,3,8,600,63,164,47,109,22,122,190
2001-02-28,22,13,62,751,19,88,41,12,290,74,285,72,60,4,286,67,18,130,73,66,8,7,130,80,63,166,96,156,104,164,18,163,35,55,59,41,257,46,9,3,8,589,63,161,47,108,22,120,187
2001-03-31,21,13,62,745,19,88,41,12,286,74,286,71,58,4,285,67,18,130,71,64,8,7,131,79,63,164,95,150,102,161,16,163,34,54,59,40,255,46,9,3,8,579,63,155,44,107,21,120,183
2001-04-30,21,13,61,742,19,85,39,12,282,74,282,70,57,5,283,66,18,128,70,64,8,7,131,78,62,159,95,146,100,160,16,161,34,53,58,40,252,45,8,3,8,569,63,151,42,104,21,119,179
2001-05-31,20,13,61,737,19,85,37,12,274,74,280,68,55,4,281,65,18,128,70,63,8,7,130,78,63,155,95,146,98,159,16,160,32,52,57,39,251,45,8,3,8,557,60,149,42,104,21,118,179
2001-06-30,21,14,64,764,19,87,34,13,307,78,325,67,57,5,327,69,19,135,71,65,8,7,136,82,63,158,102,155,98,175,16,171,33,52,60,39,251,46,8,3,8,641,61,173,45,104,21,121,180
2001-07-31,21,14,63,757,19,87,33,13,301,78,323,67,55,5,326,69,19,134,69,65,8,7,133,83,63,157,100,153,94,173,16,165,33,52,59,39,246,45,8,3,8,610,61,169,45,103,21,121,176
2001-08-31,21,14,63,755,19,87,32,13,294,78,321,67,53,5,326,68,19,131,69,65,7,7,134,82,63,157,100,152,92,171,16,163,32,52,59,37,244,45,8,3,8,602,60,169,44,103,20,121,173
2001-09-30,21,14,63,751,19,86,32,13,292,78,321,67,53,5,326,67,18,131,67,65,7,7,133,81,61,157,101,151,92,171,16,163,32,52,58,37,243,44,8,3,8,599,60,168,44,100,20,120,171
2001-10-31,21,13,63,742,19,87,31,13,290,78,320,65,52,5,323,67,18,127,67,65,7,7,132,80,60,157,100,149,90,172,15,161,31,51,57,37,238,44,8,3,8,586,58,162,44,100,19,119,167
2001-11-30,20,13,62,734,19,87,31,13,290,78,316,65,52,5,322,67,18,124,63,64,6,7,132,80,59,155,100,148,89,171,15,160,30,51,56,37,238,44,8,3,8,577,57,160,43,97,19,119,166
2001-12-31,20,13,62,723,18,88,31,13,289,79,317,64,51,5,324,67,18,124,63,62,6,7,132,80,59,153,101,148,89,172,14,159,30,50,55,37,234,45,7,3,8,568,57,158,43,97,17,119,165
2002-01-31,20,13,59,719,18,88,31,13,287,78,312,63,50,5,322,65,18,121,63,59,6,7,131,80,58,150,100,148,88,171,14,159,30,50,55,36,231,45,7,3,8,567,56,154,42,94,17,117,164
2002-02-28,20,12,58,709,17,87,31,13,286,77,311,63,49,5,322,65,18,120,62,57,6,7,129,79,57,148,100,147,86,171,14,158,29,49,55,36,229,44,7,3,8,562,55,150,42,93,17,117,161
2002-03-31,21,12,56,701,16,86,31,12,282,75,310,63,48,5,320,65,18,117,62,57,6,7,127,79,56,146,99,148,86,168,15,155,28,48,54,36,227,43,6,3,8,550,53,147,41,90,17,116,161
2002-04-30,21,12,55,698,16,86,31,12,281,76,308,63,48,5,319,65,17,116,62,57,6,7,125,79,56,146,98,149,83,167,15,154,27,48,54,36,227,41,6,3,8,541,53,142,41,90,16,116,160
2002-05-31,21,12,55,698,16,86,31,12,280,76,307,62,47,5,317,65,16,116,62,57,6,7,124,77,55,146,97,149,82,166,15,154,27,48,54,35,225,40,6,3,8,534,51,138,41,90,16,115,159
2002-06-30,22,13,58,727,17,86,31,12,290,77,311,62,48,6,323,66,16,122,65,58,7,10,124,82,57,152,99,155,85,176,15,156,27,47,55,36,228,39,8,3,8,528,49,144,41,93,16,115,160
2002-07-31,22,13,58,724,17,86,31,12,280,77,304,62,48,6,321,65,15,120,65,58,7,10,123,81,56,150,99,154,83,176,13,156,27,46,53,36,230,39,8,3,8,517,48,141,41,91,16,114,157
2002-08-31,21,13,58,720,17,86,31,12,280,77,300,61,48,6,320,64,15,117,65,58,7,10,123,81,56,149,99,154,83,175,13,154,27,46,52,35,229,39,8,3,8,508,47,139,40,91,15,114,157
2002-09-30,21,13,58,715,17,86,30,12,275,77,296,61,47,6,317,64,15,117,65,59,7,10,121,81,54,149,96,153,83,173,13,150,25,45,52,34,229,39,8,3,8,503,47,138,38,89,15,114,154
2002-10-31,21,13,58,711,17,84,30,12,271,75,296,61,47,6,316,63,15,117,65,59,7,10,120,80,54,148,95,152,83,173,13,150,25,45,51,33,227,38,8,3,8,495,47,132,38,89,15,114,154
2002-11-30,21,13,56,708,17,83,30,12,267,75,294,61,47,6,311,63,14,115,64,59,7,10,119,80,54,148,95,151,83,171,13,148,25,45,51,33,224,37,8,3,8,486,47,127,38,89,15,114,154
2002-12-31,21,13,55,697,17,81,30,12,266,75,292,60,46,6,311,61,14,115,63,58,7,10,118,79,55,146,95,151,82,172,13,148,24,44,50,33,224,36,8,3,8,478,45,125,38,89,15,113,153
2003-01-31,21,13,55,695,17,82,29,11,265,74,288,60,44,6,307,61,14,115,63,56,7,10,116,78,54,146,94,149,82,172,13,148,23,44,49,33,220,36,8,3,8,470,44,126,38,88,15,113,153
2003-02-28,21,12,55,685,17,80,29,11,264,72,286,60,44,6,302,61,13,114,63,55,6,9,114,75,54,144,94,149,82,167,13,147,22,43,49,33,219,36,8,3,8,453,43,124,36,87,15,112,150
2003-03-31,21,12,55,685,17,80,29,11,265,72,283,60,44,6,300,62,12,115,63,55,6,9,113,75,53,143,93,147,82,165,13,146,22,44,48,33,221,36,8,3,8,447,43,122,35,86,15,111,143
2003-04-30,20,12,54,680,17,80,29,11,262,72,282,60,43,6,300,62,12,114,63,53,6,9,110,75,53,143,92,147,81,163,11,145,22,43,48,31,220,35,8,3,8,441,43,120,33,87,15,111,143
2003-05-31,21,12,54,678,17,80,28,11,258,71,281,60,43,6,297,62,12,114,62,53,6,9,109,74,54,143,92,147,80,162,11,143,22,43,47,31,220,35,8,3,8,431,42,120,33,86,15,111,142
2003-06-30,21,13,55,712,17,77,28,11,258,73,277,61,44,6,304,61,12,120,61,58,6,9,108,76,55,146,92,146,82,164,11,145,22,45,48,27,222,38,8,3,8,437,42,124,34,89,15,111,142
2003-07-31,21,13,55,705,17,76,28,10,255,73,276,60,44,6,300,61,10,119,60,58,6,9,106,76,55,146,92,146,82,163,11,143,22,45,48,27,226,38,8,3,8,429,42,122,33,87,15,111,142
2003-08-31,21,12,55,704,17,76,28,10,253,73,271,59,44,6,299,61,10,119,60,58,6,9,105,76,55,145,92,145,82,163,11,143,22,44,48,27,225,38,8,3,8,424,42,121,33,88,14,110,142
2003-09-30,20,12,55,703,17,76,27,10,251,72,272,59,44,6,299,60,10,117,60,55,6,9,102,76,54,145,92,143,80,163,11,142,22,44,48,27,222,38,8,3,8,417,42,121,33,87,14,110,143
2003-10-31,21,12,56,697,17,76,27,10,250,72,269,59,42,6,298,60,9,115,62,55,6,10,100,76,54,145,92,142,77,162,11,142,22,44,47,26,220,38,8,3,8,410,42,120,33,87,14,110,142
2003-11-30,21,12,56,692,17,75,27,10,246,70,269,59,42,6,297,60,9,113,62,55,6,10,99,75,54,145,92,141,77,162,11,141,21,43,47,26,217,38,8,3,8,404,42,118,32,86,14,110,140
2003-12-31,21,12,56,684,17,74,27,10,243,70,267,59,41,6,297,60,9,112,60,55,6,10,99,75,53,145,92,141,77,161,11,139,21,43,47,26,215,38,8,3,8,401,42,119,31,86,14,110,139
2004-01-31,20,12,55,678,17,74,27,10,239,69,267,59,41,6,295,60,9,111,60,55,6,10,99,75,51,144,92,140,77,160,11,137,21,43,47,26,214,38,8,3,8,395,42,120,31,86,13,110,139
2004-02-29,20,12,56,676,17,74,27,9,238,69,264,59,41,6,295,58,9,111,60,55,6,10,98,75,49,143,90,140,76,160,10,137,21,42,47,25,214,37,8,3,8,390,42,120,31,86,13,110,139
2004-03-31,20,12,56,663,17,73,27,9,235,69,265,59,41,6,295,58,9,111,60,55,6,10,97,73,49,142,90,140,75,159,10,137,21,42,47,25,212,37,8,3,8,388,41,120,31,86,12,110,135
2004-04-30,20,12,56,655,17,73,27,9,234,69,266,59,41,6,294,58,9,111,60,55,6,10,96,73,49,142,90,139,74,159,10,135,21,42,46,24,209,36,8,3,8,387,41,119,31,86,12,110,135
2004-05-31,20,11,56,648,17,73,27,9,229,69,266,58,41,6,292,58,9,111,59,55,6,10,96,73,50,142,89,139,74,156,10,134,21,41,46,24,209,36,8,3,8,383,41,118,30,86,12,110,136
2004-06-30,20,11,56,673,16,73,27,11,235,71,269,58,42,6,303,58,9,113,60,55,8,10,97,77,51,147,91,139,76,155,11,134,21,42,47,24,209,36,8,3,8,392,41,131,29,95,12,111,136
2004-07-31,20,11,57,669,17,73,27,11,234,70,268,58,42,6,301,58,9,112,60,54,8,10,95,77,51,147,90,139,74,155,11,134,21,41,47,24,212,36,8,3,8,388,41,129,28,95,12,111,134
2004-08-31,20,11,56,663,17,72,27,11,234,70,268,58,42,6,301,58,9,110,58,53,8,10,95,77,51,148,90,138,74,155,11,133,21,41,47,24,212,34,8,3,8,388,41,129,28,93,12,111,133
2004-09-30,20,11,56,656,17,73,27,11,230,69,269,58,42,6,302,58,9,110,59,54,8,10,94,76,50,148,92,137,73,156,11,134,21,41,47,24,212,34,8,3,8,385,40,128,27,93,12,111,134
2004-10-31,20,11,55,650,17,73,27,11,229,69,269,58,42,6,301,58,9,109,58,54,8,10,94,75,50,148,90,136,73,156,11,134,21,41,47,23,208,33,8,3,8,378,40,126,27,90,12,111,134
2004-11-30,20,11,54,647,16,73,27,11,228,68,267,57,42,6,299,58,9,108,59,53,8,10,94,75,50,145,89,136,72,156,11,134,21,41,47,23,207,32,8,3,8,377,39,125,27,89,11,109,132
2004-12-31,20,11,53,639,16,72,27,11,226,67,266,57,41,6,301,58,8,109,59,53,8,10,93,74,50,142,89,136,72,153,11,134,21,41,47,23,207,31,8,3,8,374,38,125,27,89,11,109,132
2005-01-31,20,11,53,631,15,72,27,11,224,67,264,57,40,6,303,58,7,108,59,52,8,10,92,73,50,141,89,135,72,153,11,134,21,40,47,23,204,31,8,3,8,371,38,125,27,90,11,110,132
2005-02-28,20,11,52,626,15,70,27,11,223,67,264,57,40,6,303,57,6,108,58,52,8,10,92,73,50,140,89,132,72,152,11,133,22,40,47,23,202,31,7,3,8,370,38,124,27,91,10,110,132
2005-03-31,20,11,51,623,15,70,27,11,219,67,264,56,39,6,303,57,6,108,59,50,8,10,92,73,50,140,88,130,70,152,11,132,22,40,47,24,202,31,7,3,8,366,38,124,27,91,10,111,130
2005-04-30,20,11,49,618,15,69,27,11,219,66,263,56,39,6,303,57,6,107,59,49,8,10,90,73,50,140,88,130,70,149,11,131,22,40,47,24,202,31,7,3,8,361,38,123,27,90,10,111,128
2005-05-31,20,11,48,614,14,69,26,11,219,65,259,56,39,6,302,57,6,107,59,48,8,10,89,73,50,140,88,130,70,148,11,130,22,40,47,24,202,30,7,3,8,359,38,120,27,90,10,111,128
2005-06-30,20,11,51,648,14,69,27,11,233,69,277,55,42,7,334,57,6,113,61,53,8,10,91,79,51,151,91,132,74,162,12,139,24,42,51,28,210,30,8,3,8,373,39,128,26,92,10,114,133
2005-07-31,20,11,50,647,13,68,26,10,232,69,276,55,42,7,333,56,6,113,60,51,8,10,89,79,51,150,91,130,73,161,12,137,24,41,51,26,211,30,8,3,8,368,39,125,25,91,10,114,131
2005-08-31,20,11,50,645,13,68,26,10,231,69,275,54,42,7,331,56,6,112,60,51,8,10,86,78,51,150,91,129,70,159,12,137,24,41,51,26,210,28,8,3,8,365,39,125,25,89,10,114,131
2005-09-30,20,11,49,642,13,67,26,10,231,68,273,54,42,7,327,58,6,112,58,49,8,10,86,78,51,150,91,128,70,158,12,136,24,40,51,26,205,27,8,3,8,361,39,126,23,88,10,114,131
2005-10-31,20,11,49,640,13,67,26,10,229,68,272,53,43,7,324,58,6,112,58,49,8,10,86,76,51,150,91,128,70,157,12,136,24,40,51,26,202,27,8,3,8,354,39,122,23,87,10,113,130
2005-11-30,20,11,49,634,13,67,26,10,228,69,272,52,42,7,322,58,6,111,57,49,7,10,86,76,51,148,90,125,70,156,12,134,23,39,51,25,201,27,8,3,8,350,39,121,23,87,10,113,127
2005-12-31,20,11,48,631,13,66,25,10,228,69,270,52,42,7,319,58,6,111,57,49,7,10,84,75,51,145,88,125,70,154,12,135,23,39,50,25,201,27,8,3,8,347,39,121,24,87,10,113,127
2006-01-31,20,11,47,626,13,66,25,10,228,69,269,51,42,7,318,58,6,111,58,49,7,10,84,75,51,145,86,123,69,152,12,135,23,39,50,25,194,27,8,3,8,339,39,118,24,88,10,113,125
2006-02-28,20,11,46,619,12,66,25,10,228,69,267,51,42,7,317,58,6,111,58,49,7,10,83,74,51,145,86,123,68,152,12,135,23,39,50,25,194,27,8,3,8,338,39,116,24,86,10,113,124
2006-03-31,20,11,46,618,12,66,25,10,225,69,266,51,42,7,313,59,6,112,58,50,7,10,83,75,50,143,86,122,68,151,12,134,23,38,50,25,193,27,8,3,8,337,38,116,25,85,10,112,125
2006-04-30,20,10,46,616,12,65,25,11,224,69,265,51,42,7,314,59,6,112,58,49,7,10,83,75,50,143,86,122,68,148,12,133,23,38,50,25,192,27,8,3,8,333,38,113,25,84,10,111,125
2006-05-31,20,10,46,613,12,65,23,11,223,68,262,51,42,7,313,59,6,112,58,49,7,10,82,75,49,143,86,122,67,147,12,134,22,37,49,25,190,27,8,3,8,333,38,112,25,84,10,111,124
2006-06-30,22,10,48,648,12,67,25,11,234,76,273,56,43,11,335,59,6,121,60,52,7,10,85,77,48,152,87,124,71,157,12,149,23,37,49,25,191,27,9,3,9,347,40,122,28,92,10,113,127
2006-07-31,22,10,48,646,12,67,25,11,234,76,271,56,43,11,334,59,6,120,60,52,7,10,83,77,48,150,86,123,71,157,12,148,23,37,49,25,195,27,9,3,9,344,40,121,28,91,9,112,127
2006-08-31,22,10,48,645,12,66,25,11,233,76,271,56,42,11,334,59,6,119,60,52,7,10,82,77,48,149,85,123,71,156,12,148,23,36,48,24,194,27,9,3,9,343,40,120,28,90,9,112,124
2006-09-30,21,9,47,637,12,66,25,11,232,76,270,56,42,11,333,59,6,119,60,52,7,10,82,77,48,149,84,124,71,157,12,148,23,36,49,24,193,26,9,3,9,335,39,120,27,90,9,112,125
2006-10-31,21,9,45,633,12,66,25,11,230,76,270,55,42,11,332,59,6,119,60,52,7,10,82,74,48,146,84,123,70,154,12,148,23,36,48,24,192,26,9,3,9,334,39,118,26,89,9,112,123
2006-11-30,21,9,45,626,12,66,25,11,229,76,266,55,42,11,329,59,6,118,58,53,7,10,81,74,47,145,83,120,69,152,12,148,23,36,48,23,192,26,9,3,9,330,38,115,26,89,9,112,123
2006-12-31,21,9,45,619,12,66,26,11,225,76,263,55,43,11,325,59,6,119,57,51,7,10,80,74,46,145,84,121,68,150,12,147,23,36,48,25,192,25,9,3,9,326,36,113,26,90,8,112,122
2007-01-31,21,9,45,612,12,66,26,11,224,76,262,55,43,11,324,58,6,119,57,51,7,9,80,73,46,145,84,121,68,150,12,148,23,36,48,25,189,24,9,3,9,318,36,113,26,89,8,111,120
2007-02-28,21,9,45,608,12,65,24,11,223,75,260,55,43,11,324,58,6,118,57,51,7,9,80,73,46,144,83,121,68,148,12,147,23,36,48,25,188,24,9,3,9,314,35,111,26,89,8,111,118
2007-03-31,22,9,45,605,12,63,24,10,219,73,260,55,43,11,323,59,6,118,57,51,7,9,78,72,44,142,82,119,68,146,12,147,22,36,48,24,189,23,9,3,9,309,35,110,26,89,8,110,115
2007-04-30,22,9,45,603,12,62,23,10,218,72,258,53,43,11,322,59,6,118,57,49,7,9,77,72,44,140,81,118,68,146,12,147,21,36,47,23,188,23,9,3,9,304,35,110,26,88,7,109,115
2007-05-31,21,8,44,600,12,62,23,10,213,73,258,53,43,11,320,59,6,118,57,49,7,9,77,72,45,141,81,118,67,144,12,144,21,36,46,23,187,22,9,3,9,300,33,110,26,88,7,108,115
2007-06-30,22,8,46,629,12,66,26,10,218,80,265,56,46,11,347,59,7,126,57,52,8,9,79,74,48,147,82,121,72,152,15,158,22,35,49,27,189,22,10,3,9,310,35,120,27,94,8,109,118
2007-07-31,22,7,46,626,12,66,26,10,215,80,263,56,45,11,345,59,7,123,57,51,8,9,79,72,47,145,81,120,70,150,15,158,22,34,48,27,190,22,10,3,9,307,35,119,26,92,7,108,118
2007-08-31,22,7,46,621,12,66,26,10,210,79,261,55,45,11,345,59,7,123,57,52,8,9,78,71,47,144,80,120,70,148,15,158,22,34,48,27,188,22,10,3,9,302,34,118,26,92,7,108,117
2007-09-30,22,7,47,616,13,66,26,10,206,79,259,55,45,11,343,59,7,122,57,51,8,9,76,72,47,143,79,120,67,147,15,158,21,33,48,27,186,22,10,3,9,303,34,118,26,90,8,107,115
2007-10-31,23,7,47,614,13,65,26,10,203,78,257,55,44,11,341,59,7,121,56,50,8,9,76,70,47,142,78,120,65,143,15,158,21,33,47,27,182,21,10,3,9,301,33,115,26,88,8,106,115
2007-11-30,22,7,47,610,13,65,25,10,200,76,252,54,43,11,339,58,7,120,56,50,8,9,75,69,47,138,77,120,65,142,15,158,21,33,47,27,180,21,10,3,9,300,31,114,26,87,8,106,115
2007-12-31,22,7,47,611,13,65,25,10,199,76,252,54,43,11,336,58,6,120,56,49,7,9,76,69,47,138,76,120,65,143,15,159,21,33,47,26,181,21,10,3,9,300,31,113,26,87,8,105,116
2008-01-31,22,7,47,602,13,65,25,10,198,76,252,52,43,11,334,58,6,119,56,49,7,9,77,68,46,137,76,118,65,142,15,158,21,33,47,26,180,20,10,3,9,297,31,111,26,86,8,105,116
2008-02-29,22,7,47,589,13,65,25,10,196,76,249,52,42,11,332,58,6,120,56,49,6,9,77,67,46,137,77,117,65,139,15,156,21,33,46,26,180,19,10,3,9,295,31,109,26,86,8,105,113
2008-03-31,22,7,48,596,13,65,24,11,195,74,249,52,43,11,329,58,6,120,56,49,6,9,77,67,45,135,77,116,65,137,15,155,21,33,45,27,179,20,10,3,9,293,30,108,26,85,8,105,113
2008-04-30,22,7,48,594,13,65,23,11,195,74,247,51,44,11,324,57,6,120,56,49,6,9,76,65,44,133,77,114,65,135,16,154,20,33,44,26,177,20,10,3,9,290,30,108,26,85,8,105,111
2008-05-31,22,7,48,591,13,65,23,11,193,74,247,51,43,11,322,57,6,120,56,49,6,9,75,65,44,132,77,112,65,135,16,154,20,33,44,26,177,20,10,3,9,286,31,108,26,84,8,105,111
2008-06-30,22,8,51,607,13,65,22,11,205,78,262,52,44,11,345,62,7,129,61,50,7,9,79,74,45,137,81,114,65,143,17,172,22,36,46,28,180,20,11,3,10,311,34,116,25,88,8,105,112
2008-07-31,22,8,51,606,12,65,22,11,204,78,260,53,43,11,340,62,7,128,61,50,7,9,78,74,45,135,81,114,65,143,17,170,22,36,45,28,180,20,11,3,10,305,32,115,25,88,8,105,111
2008-08-31,22,8,51,602,12,64,22,11,201,77,255,52,43,11,338,61,7,127,60,50,7,9,77,74,45,133,80,114,62,142,17,170,22,36,45,28,179,20,11,3,10,302,32,114,25,88,8,104,112
2008-09-30,22,8,51,598,12,64,21,11,201,78,250,52,43,11,335,63,7,126,60,50,7,9,76,74,45,128,79,113,62,139,17,171,22,35,45,28,177,20,11,3,10,301,32,112,25,87,8,104,109
2008-10-31,22,8,50,593,11,64,19,11,199,76,247,50,43,11,332,63,7,126,60,49,7,9,76,74,45,126,78,112,62,139,17,168,22,35,45,27,176,20,11,3,10,300,32,112,25,87,8,104,108
2008-11-30,22,8,50,589,11,64,19,11,198,75,246,50,43,11,324,60,7,125,59,49,7,9,75,74,45,125,78,112,62,139,17,167,21,35,45,26,175,20,11,3,10,298,32,112,25,87,8,103,107
2008-12-31,22,8,49,582,11,64,19,11,197,75,245,49,43,11,321,60,7,123,59,50,8,9,75,74,45,124,78,111,62,137,17,166,21,35,45,26,174,18,11,2,10,297,33,112,25,88,8,103,105
2009-01-31,22,8,48,578,11,64,19,11,196,76,243,48,42,11,318,60,7,123,59,48,8,9,75,74,44,123,77,111,62,135,18,166,21,34,45,26,173,18,10,2,10,293,33,111,24,87,8,102,105
2009-02-28,21,8,46,574,11,64,19,11,192,73,243,48,42,11,310,60,6,123,59,47,8,9,75,74,45,124,77,110,60,135,18,164,20,34,45,25,173,18,10,2,10,293,33,111,24,87,8,102,105
2009-03-31,20,8,47,572,11,62,19,10,190,72,238,48,41,11,306,60,6,123,59,45,9,9,74,74,45,124,75,111,60,134,18,163,20,33,45,24,173,18,10,2,10,290,33,110,23,87,8,102,105
2009-04-30,19,8,48,569,11,63,19,10,191,72,237,48,40,11,301,60,6,123,59,45,9,9,74,74,44,124,75,111,60,132,18,161,20,33,45,24,173,18,10,2,10,288,33,110,23,87,8,102,104
2009-05-31,19,8,46,567,11,63,19,10,189,71,234,47,40,11,297,60,6,124,59,44,9,9,73,74,44,124,74,111,60,130,18,161,20,32,44,24,172,18,10,2,10,284,33,107,23,87,8,102,104
2009-06-30,19,9,50,579,11,63,20,10,194,72,234,48,42,11,303,63,6,123,59,48,9,9,72,78,44,126,74,113,62,130,20,166,23,34,45,26,172,18,10,4,11,285,33,109,24,86,8,103,105
2009-07-31,19,9,50,574,11,63,20,10,193,72,232,47,41,10,301,62,6,123,59,48,9,9,72,78,43,126,74,113,63,128,20,166,23,34,45,26,172,18,10,4,11,283,32,109,23,85,8,103,103
2009-08-31,19,9,50,568,11,62,20,10,192,72,232,47,41,10,297,61,6,123,58,48,9,9,72,78,43,126,74,113,63,128,20,166,23,33,45,26,172,18,10,4,11,282,32,108,23,85,8,103,102
2009-09-30,19,9,50,564,11,62,20,10,192,71,233,47,41,10,293,61,6,122,58,48,9,9,73,78,43,125,74,113,63,128,20,166,23,33,45,26,171,18,10,4,11,276,32,107,23,85,8,102,101
2009-10-31,19,9,50,560,11,61,20,10,190,70,232,47,41,10,291,60,6,121,58,48,9,8,73,78,43,124,73,112,63,126,20,163,23,33,45,26,170,18,10,4,11,274,32,102,23,85,8,102,97
2009-11-30,19,8,50,556,11,59,20,10,190,70,230,47,41,10,287,60,6,120,57,48,9,8,72,78,42,123,73,111,63,125,20,162,23,33,45,25,169,18,10,4,11,273,32,100,22,85,8,102,97
2009-12-31,19,8,50,553,11,59,20,10,185,71,230,47,41,10,283,60,6,119,57,46,9,8,70,78,42,123,73,111,63,124,20,163,24,33,46,24,167,18,10,4,11,272,32,99,22,85,8,102,96
2010-01-31,19,8,49,550,11,59,20,10,182,71,227,47,41,10,281,60,6,119,57,45,9,8,69,77,42,123,73,110,63,125,20,163,24,33,46,24,165,17,10,4,11,270,32,98,22,84,8,102,96
2010-02-28,19,8,49,546,11,59,20,10,181,71,227,47,40,10,277,60,6,119,56,44,9,8,69,77,41,123,73,109,61,123,20,160,24,33,46,24,164,17,10,4,9,269,32,97,21,84,8,102,96
2010-03-31,19,8,49,541,11,60,20,10,178,70,223,47,39,10,275,58,6,119,57,44,9,8,67,77,41,123,72,109,60,123,20,159,23,33,46,24,164,17,10,4,9,266,32,97,21,84,8,102,96
2010-04-30,19,8,49,535,11,59,19,10,177,69,223,47,39,10,274,58,6,119,57,44,9,8,67,77,41,122,71,109,60,123,19,158,23,33,46,24,164,17,10,4,9,266,32,96,21,84,8,102,95
2010-05-31,19,8,49,533,11,59,19,9,176,69,223,47,39,10,273,58,6,118,57,42,9,8,67,76,41,121,71,109,60,123,19,156,23,33,46,24,164,17,10,4,9,266,32,95,21,84,8,102,95
2010-06-30,19,10,49,533,12,60,20,9,181,74,225,48,40,12,281,60,6,119,61,43,9,8,66,76,42,123,70,112,61,119,19,158,24,35,49,25,168,17,10,4,9,274,33,97,22,86,8,103,98
2010-07-31,19,10,49,533,12,59,20,9,180,73,223,48,40,12,280,60,6,119,61,43,9,8,66,75,42,121,70,112,60,118,19,156,24,35,49,25,169,17,10,4,9,271,33,96,22,86,8,103,97
2010-08-31,19,9,48,533,12,59,20,9,180,72,220,48,40,12,278,59,6,118,61,43,9,8,65,75,42,121,70,112,60,116,19,153,24,35,49,25,169,17,10,4,9,270,33,96,22,85,8,102,97
2010-09-30,19,9,48,531,12,59,20,9,178,72,220,48,40,12,273,58,6,117,62,42,9,8,65,75,42,119,69,112,58,116,19,152,24,35,49,25,169,17,10,4,9,263,33,95,22,83,8,102,97
2010-10-31,19,9,48,529,12,59,20,9,175,72,219,46,40,13,273,58,6,117,62,42,9,8,65,73,42,118,67,111,57,114,19,151,23,35,49,25,169,16,10,4,9,262,33,95,22,81,8,102,97
2010-11-30,19,9,48,524,12,58,20,9,171,72,217,46,40,12,271,58,6,117,62,42,9,8,64,70,42,117,66,110,57,112,19,149,23,35,50,25,167,16,8,4,9,258,33,95,22,80,8,100,97
2010-12-31,19,10,48,520,12,59,20,9,171,73,215,46,40,13,271,57,6,116,62,42,9,8,63,70,41,116,66,109,57,113,18,149,23,35,51,25,167,16,8,4,9,258,33,96,21,80,8,100,95
2011-01-31,19,10,48,520,12,59,20,9,171,73,211,46,40,13,268,57,6,116,62,42,9,8,63,70,41,115,66,109,56,112,18,147,23,35,51,25,163,16,7,4,9,255,33,96,21,79,8,98,96
2011-02-28,19,10,48,518,12,59,20,9,168,70,209,45,40,13,266,57,6,116,61,42,9,8,63,69,41,114,66,109,56,112,18,147,23,35,51,25,163,16,7,4,9,254,33,94,20,79,8,98,96
2011-03-31,19,10,48,514,12,59,20,9,165,70,209,45,39,12,261,56,6,116,60,41,9,8,63,67,41,114,66,109,56,113,18,147,23,35,51,26,163,16,7,4,9,248,33,93,19,78,8,98,95
2011-04-30,18,11,48,511,12,59,20,9,164,70,208,45,39,12,261,55,6,116,59,41,9,8,63,66,40,113,64,109,56,113,19,147,23,35,50,25,162,16,7,4,9,246,33,93,19,76,8,98,95
2011-05-31,18,10,48,507,12,59,20,9,162,70,204,44,39,10,258,55,6,114,58,40,9,8,63,64,40,112,62,108,56,110,19,145,23,35,50,25,160,16,7,4,9,244,33,92,19,76,8,97,94
2011-06-30,18,10,53,512,12,62,19,11,170,71,213,44,40,11,276,59,7,121,59,41,11,8,63,67,41,115,63,109,55,112,19,151,22,36,50,27,162,17,7,4,10,256,36,95,19,77,8,98,98
2011-07-31,18,10,53,512,12,62,19,11,169,71,210,45,40,11,274,59,7,121,59,41,11,8,62,67,41,115,63,108,55,112,19,151,22,36,49,27,164,17,7,4,10,257,36,95,18,77,8,98,98
2011-08-31,18,10,52,510,12,62,19,11,168,71,208,44,40,11,273,59,8,119,59,41,11,8,63,66,41,115,63,108,55,112,19,150,22,36,49,27,164,16,7,4,10,257,36,95,18,77,8,97,98
2011-09-30,18,10,52,508,12,61,19,11,167,70,208,44,40,11,271,58,8,119,58,41,11,8,63,64,42,113,63,108,55,112,19,151,22,36,49,27,164,16,7,4,10,255,36,95,18,76,8,98,98
2011-10-31,18,10,52,502,12,61,18,11,166,70,208,44,40,11,269,54,8,118,58,41,11,8,63,63,42,113,62,107,54,112,19,151,22,36,49,26,163,16,7,4,10,251,36,95,18,73,8,97,98
2011-11-30,18,9,50,499,12,61,17,11,163,69,207,44,40,11,268,54,8,117,57,41,11,8,63,62,42,112,62,107,54,112,19,148,22,36,47,26,163,16,7,4,10,251,36,94,18,73,8,96,98
2011-12-31,18,9,50,497,12,61,17,11,163,69,204,44,40,11,267,54,8,117,57,41,11,8,63,63,42,111,62,107,53,113,19,147,22,35,47,25,162,16,7,4,10,249,36,93,18,72,8,94,100
2012-01-31,18,9,50,495,12,61,17,11,162,69,202,44,40,11,263,54,8,117,57,41,11,8,63,63,42,111,62,107,51,112,19,146,22,34,46,25,161,16,7,4,10,243,36,93,18,72,8,94,100
2012-02-29,18,9,50,493,12,60,17,11,161,69,202,44,40,11,261,54,8,117,57,41,11,8,63,63,42,110,62,106,51,111,19,146,21,34,46,25,160,16,7,4,10,240,36,93,18,72,8,92,100
2012-03-31,18,9,50,494,12,60,17,11,159,69,203,44,40,11,258,54,8,117,56,41,11,8,64,61,41,110,63,106,51,110,19,146,21,34,44,25,158,16,7,4,10,238,36,93,18,71,8,91,100
2012-04-30,18,9,49,492,12,60,17,11,158,69,203,44,40,11,257,53,7,117,56,41,11,8,65,61,40,107,62,106,49,110,19,145,21,34,42,24,158,16,7,4,10,237,36,93,18,71,8,90,100
2012-05-31,18,9,49,485,12,60,16,11,158,69,203,44,40,11,253,53,7,117,55,41,11,8,65,61,40,106,62,105,49,109,19,144,21,34,42,24,157,16,7,4,10,237,36,93,17,71,8,89,99
2012-06-30,17,9,52,495,12,62,16,11,159,70,204,44,40,11,269,52,7,120,55,41,12,8,65,63,40,106,63,107,50,112,19,155,21,34,42,25,158,16,8,4,10,259,37,100,18,72,8,89,102
2012-07-31,17,9,52,494,12,62,16,10,158,70,201,43,40,11,265,52,7,120,55,41,12,8,64,59,39,106,62,107,50,112,19,153,21,34,42,25,159,16,8,4,10,260,37,100,18,72,8,89,102
2012-08-31,17,9,52,489,12,61,16,11,158,70,201,42,40,11,263,51,7,118,55,40,12,8,64,58,39,106,62,107,50,112,19,153,21,33,42,25,159,16,8,4,9,258,37,100,18,72,8,89,100
2012-09-30,17,9,51,484,12,60,16,11,158,70,201,42,40,11,262,51,7,117,55,40,12,8,64,58,39,106,62,106,49,112,19,149,21,33,42,25,158,16,8,4,9,254,37,100,18,71,8,89,98
2012-10-31,17,9,51,483,12,59,16,11,158,70,200,42,39,11,261,50,7,117,55,40,12,8,64,57,39,107,61,105,49,112,19,149,21,33,41,25,157,16,8,4,9,253,37,98,18,70,8,89,98
2012-11-30,17,9,50,478,12,59,16,11,158,68,199,42,39,11,258,49,7,117,55,40,12,8,64,55,38,105,61,104,49,111,19,148,21,33,41,25,158,16,8,4,9,246,36,97,18,70,8,88,98
2012-12-31,17,9,50,478,12,59,16,11,158,68,199,41,39,11,256,49,7,117,54,41,12,8,64,55,38,105,61,104,48,110,19,148,21,33,40,25,158,16,8,4,9,248,35,96,18,71,8,88,96
2013-01-31,17,9,49,476,12,59,16,11,156,68,198,40,39,11,255,49,7,115,53,41,12,8,64,55,38,104,61,103,48,110,19,148,21,33,40,25,155,16,8,4,9,250,35,95,17,71,8,88,95
2013-02-28,17,10,49,475,12,59,16,11,153,67,198,40,39,11,253,49,7,113,53,41,11,8,64,54,37,104,60,103,48,109,19,148,21,33,38,25,155,15,8,4,9,249,35,95,17,71,8,88,95
2013-03-31,17,10,49,470,12,59,16,11,152,67,197,40,39,11,252,48,7,112,54,41,11,8,62,54,36,104,60,102,46,109,19,146,20,33,38,25,156,15,8,4,9,245,35,95,18,71,8,88,93
2013-04-30,17,10,49,467,12,59,15,11,151,66,197,39,39,11,252,48,7,111,53,41,11,8,62,54,36,103,59,101,46,109,18,144,20,33,38,25,154,15,8,4,9,243,35,94,18,71,8,88,93
2013-05-31,17,10,49,463,12,59,15,11,150,66,196,39,39,11,252,47,7,111,51,41,10,8,62,54,36,103,59,101,46,106,18,144,20,33,38,25,154,15,8,4,9,242,35,93,18,71,8,87,93
2013-06-30,17,10,49,477,12,58,15,11,154,68,202,39,39,11,272,49,7,112,53,44,10,8,64,56,36,103,60,101,52,108,19,151,21,33,37,26,157,16,8,4,9,254,36,89,18,71,8,88,94
2013-07-31,17,10,49,477,12,58,14,11,154,68,202,39,39,11,270,49,7,112,52,43,10,8,64,56,35,103,60,100,52,108,19,150,21,32,37,26,161,16,8,4,9,255,36,88,18,70,8,88,94
2013-08-31,17,10,49,474,12,58,14,11,153,68,201,39,39,11,269,48,7,112,51,43,10,8,62,56,35,103,59,100,52,108,19,149,21,32,37,26,161,16,8,4,9,255,36,87,17,70,8,88,94
2013-09-30,17,10,49,474,12,58,14,11,152,68,200,38,39,11,265,48,7,112,51,43,10,8,62,55,35,104,59,99,52,107,20,148,21,30,37,26,160,16,8,4,9,253,36,87,17,70,8,88,93
2013-10-31,17,9,49,470,12,57,14,11,151,67,199,38,39,10,265,48,7,110,50,43,10,8,60,55,35,104,59,99,52,106,20,148,21,30,38,26,159,16,8,4,9,251,36,87,17,70,8,88,87
2013-11-30,17,9,49,468,12,57,14,11,151,67,196,38,39,10,265,48,7,110,50,43,10,8,59,55,35,104,59,99,52,105,20,147,21,30,37,25,159,16,8,4,9,251,36,85,17,69,8,87,87
2013-12-31,17,9,49,466,13,58,14,11,148,67,195,38,39,10,263,48,7,110,50,43,10,8,59,54,36,102,59,99,52,104,20,147,21,30,36,25,158,16,8,4,9,251,36,84,17,69,8,87,87
2014-01-31,17,9,49,464,13,58,14,11,144,67,194,36,39,10,259,47,7,110,50,43,10,8,58,54,35,102,59,98,51,104,20,147,21,29,36,25,157,16,8,4,9,247,35,84,17,69,8,87,87
2014-02-28,17,9,49,463,13,58,14,11,142,67,194,36,39,10,259,47,6,110,50,43,10,8,58,54,35,102,59,98,51,104,20,145,21,29,36,25,157,15,8,4,9,247,35,83,17,69,8,87,87
2014-03-31,17,9,49,461,13,58,14,11,143,66,193,35,39,9,259,47,6,110,50,43,10,8,58,54,35,102,59,97,51,104,19,145,21,29,36,24,156,16,8,4,9,247,35,82,17,68,8,87,86
2014-04-30,17,9,49,458,12,56,14,11,143,66,192,35,39,9,260,47,6,110,50,43,10,8,58,53,35,102,59,97,51,103,18,145,21,29,36,24,155,16,8,4,9,246,33,82,17,68,7,87,86
2014-05-31,17,9,49,454,12,56,14,11,141,65,192,35,39,9,259,47,6,110,50,43,10,8,58,53,35,102,58,97,51,103,18,144,21,29,36,24,155,16,8,4,9,245,33,81,17,68,7,87,86
2014-06-30,18,9,51,468,12,57,14,11,149,68,194,35,45,9,307,49,6,116,52,47,10,8,60,57,37,107,59,99,57,106,18,152,22,29,35,27,157,16,8,4,9,265,34,87,16,69,7,89,94
2014-07-31,18,9,51,467,12,57,14,11,149,68,193,36,44,9,305,49,6,116,51,46,10,8,62,57,37,107,59,99,57,106,18,152,22,29,35,26,155,16,8,4,9,268,34,86,16,69,7,88,95
2014-08-31,18,9,51,464,12,58,14,11,149,68,192,35,44,9,304,49,6,116,51,45,10,8,62,56,37,106,59,99,57,105,18,151,22,29,35,26,156,16,8,4,9,268,34,84,16,69,7,88,95
2014-09-30,18,9,51,461,12,58,14,11,148,68,188,35,44,9,305,49,6,116,50,45,10,8,62,56,37,106,58,100,57,104,18,149,22,29,35,26,156,16,8,4,9,270,34,83,16,69,7,88,94
2014-10-31,18,9,51,457,12,58,14,11,148,68,188,35,44,9,302,49,6,116,50,45,10,8,62,55,37,106,58,99,56,103,18,148,22,29,34,26,156,16,8,4,9,268,34,82,16,68,7,88,94
2014-11-30,18,9,51,456,12,58,14,11,148,67,186,35,42,9,302,49,6,116,50,44,10,8,61,55,37,105,58,99,54,102,18,147,22,29,34,26,155,16,8,4,9,264,34,81,16,68,7,88,94
2014-12-31,18,8,51,453,12,58,15,11,148,66,183,35,42,9,302,49,6,115,50,45,10,8,61,55,38,105,58,99,54,102,18,146,22,29,34,26,153,16,9,4,9,263,34,81,16,68,7,88,96
2015-01-31,18,8,51,450,12,58,15,11,147,66,183,35,42,9,301,49,6,115,50,45,10,7,61,54,38,104,58,97,54,101,18,145,22,29,34,26,150,16,9,4,9,260,34,82,16,68,7,88,94
2015-02-28,18,8,51,448,12,58,15,11,146,66,180,35,42,9,299,49,6,115,49,45,9,7,61,54,38,103,58,97,54,100,18,143,22,28,34,26,149,16,9,4,9,259,34,82,16,68,7,88,94
2015-03-31,18,8,52,445,12,58,15,10,145,66,177,34,42,9,299,49,6,115,49,44,8,7,59,55,37,104,58,97,55,99,18,142,22,28,34,26,150,16,9,4,9,259,34,81,16,68,7,88,93
2015-04-30,18,8,51,446,12,57,15,10,146,66,174,34,42,9,296,49,6,115,49,44,8,7,57,55,37,104,58,97,55,99,18,141,21,28,34,26,150,16,9,4,9,259,34,81,16,68,7,88,93
2015-05-31,18,8,51,445,12,57,14,10,145,66,173,34,42,9,295,49,6,115,49,43,8,7,56,55,36,104,58,97,55,99,16,140,21,28,34,26,150,16,9,3,9,257,33,81,16,68,7,86,93
2015-06-30,18,8,52,473,12,58,17,10,154,69,173,34,49,7,380,54,6,127,49,46,8,7,59,57,38,108,57,98,61,117,17,151,23,28,33,26,151,17,9,3,9,289,34,85,17,71,7,90,101
2015-07-31,18,8,52,471,12,58,17,9,154,69,172,34,49,7,379,53,6,127,49,46,8,7,59,56,38,108,57,97,61,117,17,150,23,28,33,26,152,17,9,3,9,289,34,85,17,70,7,90,100
2015-08-31,18,8,52,469,12,58,17,8,154,69,170,33,49,7,377,52,6,127,49,46,8,7,59,56,38,108,57,95,61,117,17,148,23,27,33,25,152,17,9,3,9,287,33,85,17,69,7,90,99
2015-09-30,18,8,52,465,12,58,17,8,154,69,169,32,47,7,376,52,6,127,49,46,8,8,57,56,38,107,57,94,61,113,17,146,23,27,33,25,152,18,9,3,9,281,32,86,17,67,7,90,99
2015-10-31,18,8,52,461,12,58,17,8,154,69,167,32,47,7,375,51,6,127,49,47,8,8,57,55,38,107,57,94,61,113,17,145,23,27,33,25,152,18,9,3,9,280,31,86,17,67,7,90,99
2015-11-30,18,8,52,455,12,58,17,9,153,68,165,32,47,7,371,51,6,127,49,47,8,8,57,55,38,107,57,94,61,113,17,145,23,27,32,25,150,18,9,3,9,279,30,83,17,66,7,89,99
2015-12-31,18,8,51,454,12,58,17,8,151,68,165,32,47,6,371,51,5,126,48,47,9,8,57,55,38,105,57,94,61,112,17,138,23,26,32,25,149,18,9,3,9,277,30,84,16,65,7,89,98
2016-01-31,17,8,51,452,12,58,17,8,150,68,163,32,47,6,372,50,5,126,47,45,8,8,57,54,38,104,57,94,61,109,17,137,23,26,32,24,146,18,9,3,9,273,29,84,16,65,7,89,98
2016-02-29,17,8,51,449,12,58,17,8,150,68,161,32,44,6,372,50,5,126,46,45,8,8,57,54,37,102,57,94,61,109,17,135,23,26,32,24,146,18,9,3,9,272,28,84,16,64,7,88,98
2016-03-31,17,8,50,448,12,57,17,9,150,68,161,32,44,5,372,50,5,127,46,44,8,7,57,54,37,102,56,93,61,108,17,135,23,25,32,24,145,17,9,3,9,272,28,84,16,65,7,87,97
2016-04-30,17,8,50,442,12,57,17,9,149,68,160,31,44,5,369,49,5,127,46,44,8,7,55,52,37,102,57,92,61,108,17,132,22,25,32,24,143,17,9,3,8,271,28,81,16,65,7,87,97
2016-05-31,17,8,49,439,12,57,17,9,148,68,159,31,44,5,367,48,5,127,46,43,8,7,55,52,37,101,56,92,61,108,17,130,21,25,32,24,143,17,9,3,8,269,28,80,16,65,7,87,97
2016-06-30,17,8,51,453,12,58,18,9,156,69,162,30,44,5,417,49,5,133,50,44,9,8,55,57,37,103,56,96,67,119,18,129,23,26,32,25,143,17,9,3,8,282,28,81,17,68,7,87,97
2016-07-31,17,7,51,447,12,58,18,9,154,68,162,30,44,5,416,49,5,133,50,43,9,8,55,57,37,102,56,96,67,116,18,129,23,26,32,24,145,17,9,3,8,278,28,82,17,68,7,87,97
2016-08-31,17,7,51,443,12,58,18,9,154,68,160,30,44,5,413,49,5,132,50,43,9,8,53,56,36,102,55,94,65,115,17,128,23,26,31,24,143,17,9,3,8,276,28,81,17,68,7,86,97
2016-09-30,17,7,51,441,12,58,18,9,152,69,159,30,44,5,409,49,5,132,48,43,9,8,52,55,36,102,55,94,64,116,17,128,23,26,31,24,143,17,9,3,8,276,28,81,16,68,7,84,97
2016-10-31,17,7,50,441,12,58,18,9,151,69,159,31,44,5,406,47,5,131,48,43,9,8,50,55,36,101,54,94,64,114,17,127,23,26,31,24,144,17,9,3,8,269,28,81,16,67,7,84,96
2016-11-30,17,7,50,439,12,58,18,9,151,69,159,30,45,5,403,47,5,129,48,42,9,8,50,54,36,101,54,94,63,114,17,127,23,26,31,23,144,17,9,3,8,265,28,79,16,66,7,83,94
2016-12-31,17,7,49,439,12,58,18,9,151,69,158,30,45,5,403,47,5,129,48,43,9,8,51,54,36,101,54,93,63,113,17,128,23,26,31,23,144,16,10,3,8,262,28,77,16,66,7,82,95
2017-01-31,17,7,49,438,12,58,18,9,150,69,157,30,44,5,400,47,5,128,48,43,9,8,50,53,36,101,54,92,63,112,17,128,23,26,30,23,141,16,10,3,8,258,28,76,16,66,7,81,95
2017-02-28,17,7,48,436,12,58,18,9,150,69,156,30,44,5,397,47,5,127,48,43,9,8,50,52,36,101,54,92,62,111,17,127,23,26,29,23,141,16,10,3,8,257,28,76,15,66,7,81,95
2017-03-31,17,7,47,432,12,58,18,9,151,68,152,30,44,4,400,47,5,127,46,43,9,8,50,51,36,101,53,90,62,109,17,127,23,25,29,23,141,16,10,3,8,255,28,76,15,64,7,81,95
2017-04-30,17,7,47,428,12,57,18,9,151,68,152,30,44,4,399,47,5,126,46,42,9,8,50,50,36,100,53,89,62,109,16,126,22,25,29,23,141,16,10,3,8,254,28,76,15,64,7,81,94
2017-05-31,16,7,47,421,12,57,18,9,148,67,152,30,44,4,398,47,5,124,45,42,9,8,50,50,36,100,52,89,62,108,16,125,22,25,29,23,140,16,10,3,8,251,28,76,15,64,7,81,93
2017-06-30,16,7,48,433,12,58,18,9,158,71,160,30,44,5,424,49,5,123,46,45,9,8,51,53,37,101,53,93,63,122,17,131,23,26,29,22,141,17,10,3,9,257,29,75,16,65,7,82,95
2017-07-31,16,7,48,433,12,58,18,9,158,71,159,30,43,5,423,49,5,122,46,44,9,8,50,52,37,101,53,93,63,121,17,130,23,26,29,22,141,17,10,3,9,256,29,74,16,65,7,81,95
2017-08-31,16,6,47,432,12,58,18,9,156,69,157,30,43,5,422,48,5,122,46,43,9,8,50,52,37,101,53,93,63,120,17,130,23,26,29,21,138,17,10,3,9,252,29,74,16,64,7,80,94
2017-09-30,16,6,47,426,12,55,18,9,151,69,156,30,43,5,418,48,5,122,46,43,9,8,50,51,37,101,53,93,63,120,17,129,23,26,29,21,139,17,10,3,9,249,29,73,16,64,7,80,94
2017-10-31,16,6,47,422,12,55,18,9,148,69,156,30,43,5,418,48,5,122,46,43,9,8,49,50,37,99,53,93,63,118,17,127,23,26,29,22,138,17,10,3,9,245,28,70,16,64,7,80,94
2017-11-30,16,6,47,417,12,55,18,9,147,69,156,29,43,5,417,48,5,120,45,43,9,8,49,50,37,98,53,93,62,115,17,125,22,26,29,22,138,17,10,3,9,243,28,70,16,64,7,80,93
2017-12-31,16,6,47,415,12,55,17,9,147,69,156,29,43,5,419,48,5,120,43,43,9,8,48,49,37,98,53,93,62,115,17,125,22,26,29,22,137,17,10,3,9,244,28,70,16,63,7,80,93
2018-01-31,16,6,47,413,12,54,17,9,145,67,156,28,43,5,415,48,5,120,43,43,9,8,48,49,37,98,53,93,61,113,17,125,22,25,29,22,137,17,10,3,9,242,28,69,16,63,7,80,93
2018-02-28,16,6,47,413,12,54,17,9,146,66,156,28,43,5,414,48,5,120,42,42,9,8,48,49,37,98,53,92,61,113,17,125,21,25,29,21,136,17,10,3,8,242,28,67,16,63,7,80,93
2018-03-31,16,6,47,410,12,53,17,9,145,67,156,28,43,4,413,48,5,120,41,43,9,8,48,49,37,98,53,92,60,113,17,122,20,25,29,21,135,17,10,3,7,241,28,67,16,61,7,80,93
2018-04-30,16,6,48,409,12,53,17,10,145,67,156,28,42,4,412,48,5,118,41,43,9,8,48,49,37,98,53,91,59,113,17,121,20,25,29,21,135,17,10,3,7,240,28,67,16,61,7,80,93
2018-05-31,16,5,48,408,12,53,17,10,144,67,156,28,42,4,411,48,5,117,41,43,9,7,48,49,37,98,53,91,59,112,16,121,20,25,29,20,135,17,10,3,7,240,27,66,16,61,7,79,93
2018-06-30,16,5,50,428,13,56,17,10,154,69,156,28,44,8,448,47,5,117,41,45,9,7,47,51,39,101,54,95,62,119,16,134,20,25,31,25,140,17,10,3,8,259,27,68,18,67,7,81,93
2018-07-31,16,5,50,427,13,56,17,10,151,68,154,28,44,8,446,47,5,117,41,45,9,7,44,51,39,101,54,95,62,118,16,134,20,25,30,25,141,17,10,3,8,263,27,68,18,67,7,81,93
2018-08-31,16,5,50,425,13,56,17,10,151,69,153,28,44,8,444,47,5,117,41,45,9,7,43,51,39,101,54,95,61,118,16,134,20,25,30,24,141,17,10,3,8,263,27,68,18,68,7,80,93
2018-09-30,16,5,50,422,13,56,17,10,150,68,153,27,43,8,444,47,5,116,40,44,9,7,42,51,39,101,53,94,61,118,16,132,20,25,30,24,140,17,10,3,8,261,27,68,18,68,7,80,90
2018-10-31,15,5,50,420,12,56,17,10,151,67,153,27,43,8,442,47,5,115,40,43,9,7,42,50,39,99,53,93,60,117,16,131,20,24,31,24,139,17,10,3,8,259,27,68,18,67,7,79,90
2018-11-30,15,5,49,418,12,56,17,10,151,67,152,27,43,8,440,47,5,114,40,44,9,7,41,50,39,99,53,92,59,116,16,130,20,24,31,24,138,17,9,3,8,255,27,68,18,67,7,79,90
2018-12-31,15,5,49,415,12,56,17,9,149,67,151,27,43,8,440,47,5,114,40,43,9,7,40,50,39,99,53,92,58,115,16,129,20,24,30,24,138,17,9,3,8,251,27,67,18,67,7,78,89
