date,0,1,2,3,4,5,6,7,8,9
1976-01-31,0.0,0.0,0.0,0.0,0.0,0.0,0.0,0.0,0.0,0.0
1976-02-29,0.0,0.0,0.0,0.0,0.0,0.0,0.0,0.0,0.0,0.0
1976-03-31,0.0,0.0,0.0,0.0,0.0,0.0,0.0,0.0,0.0,0.0
1976-04-30,0.0,0.0,0.0,0.0,0.0,0.0,0.0,0.0,0.0,0.0
1976-05-31,0.037045558900000004,-0.008938319,0.0008345189999999999,0.0032108109999999996,-0.005407255,-0.001488636,0.0054251155,-0.0020870420000000003,0.0,0.0
1976-06-30,0.0,0.1291394371,-0.0019495579999999999,0.00020475099999999998,-0.002952362,0.014564365800000001,0.001334932,-0.011037183,0.0028231221000000004,0.0
1976-07-31,0.0206512625,0.011441257199999999,-0.001191393,0.0031708018,-0.005040203,0.012206041,-0.00271203,-0.010482528,0.0034360373,0.0
1976-08-31,0.059354962000000004,0.0154207955,0.0008966473,0.0022525961,-0.000261387,-0.011223066,-0.008188065,0.0,-0.004389722,0.0
1976-09-30,0.0388956833,0.0097079297,0.0002168878,0.0026030844,-0.003719075,0.001690621,-0.009800763,0.012649691299999998,-0.002191128,0.0
1976-10-31,0.0775782521,0.0124553156,0.0031579722,0.0015676992000000002,-0.007714863000000001,0.0069406829,-0.010137984000000001,-0.021750521000000002,0.0,-0.0018209379999999998
1976-11-30,0.09393619980000001,0.0094050056,0.0033301591999999997,-0.00029426,-0.006821211999999999,0.0065854812,-0.004032982,-0.027960042999999997,-0.00600274,0.0
1976-12-31,0.1144832699,0.0052532188,0.0008325473,-0.0057656059999999995,0.005322453299999999,0.009336012900000001,-0.006477618,-0.034644569,-0.002507286,0.0
1977-01-31,0.0149921821,-0.005390565999999999,0.0012205296000000001,0.0050772411,0.0010570264,-0.011917754,-0.013642307,0.0,0.0,0.0
1977-02-28,-0.028187357000000003,0.0005121628,-0.00041375099999999996,0.005762031,-0.003243463,-0.00571523,0.0102788447,-0.032519755,0.0,0.0
1977-03-31,0.015773277,0.0,-0.000869085,0.0006936446000000001,0.0023469454999999998,-0.005368347,-0.006273717,-0.023586486,0.0,0.0
1977-04-30,-0.041149486,-0.00360012,0.0012665559,-0.002204444,0.0051406218,-0.01113404,0.0178914471,0.0,-0.02057134,0.0
1977-05-31,-0.034402867999999996,-0.001895594,0.0038689546999999998,-0.000258483,-0.00555868,-0.002709215,0.0201007901,0.0,-0.016018408,0.0
1977-06-30,-0.040567715,-0.01161668,0.003909567,2.60254e-05,-0.008702202,0.012062405900000002,0.0,0.0075680903,-0.016507923,0.0
1977-07-31,0.0,-0.06311122799999999,0.0041542096,0.0039973768,-0.005809295999999999,-0.0078513,0.0026645282000000003,-0.000122276,0.0,0.0
1977-08-31,-0.022747162,-0.0044012190000000005,0.00044019260000000004,0.0070200015,-0.00616311,-0.011127506,-0.00560921,0.015932268200000002,0.0,0.0
1977-09-30,0.011153856799999999,-0.003319588,0.0047114796,0.0076493303,-0.003919902,-0.009704964,-0.006803398,-0.000254645,0.0,0.0
1977-10-31,-0.026524399,-0.000332237,0.0021863785,-0.006037513,0.014794303,-0.0007976289999999999,-0.003972797,0.0066589646,0.0,0.0
1977-11-30,-0.011617707,0.0,-0.000928483,0.0013911017,0.013484420700000001,0.0008124772999999999,0.0,0.0024178645,0.0,0.0
1977-12-31,-0.005816694,0.0,7.27326e-05,0.0002523876,0.013573575800000001,0.0055576246,0.0104391553,0.0039552037,0.0,0.0
1978-01-31,0.0774235415,0.0,0.0019567601999999997,-0.00040405,0.0025494048999999998,0.0102463455,0.0,0.0146349016,0.0,0.0
1978-02-28,0.1248385437,-0.01158753,0.0026994785999999997,0.0007826289,0.0053293789,-0.00013128600000000002,-0.005269389,0.0192869941,0.0,0.0
1978-03-31,0.10884397230000001,-0.020926208,-0.00185477,0.0027952692,0.0038132157000000002,0.0013708629000000001,0.0,-0.008611309000000001,0.0054995921,0.0
1978-04-30,0.0251113865,-0.020254137,-0.002330382,0.0006849383000000001,0.0020939689999999998,-0.000160786,0.0216234241,0.0,0.0,0.0082542625
1978-05-31,-0.018756617,0.021239527299999998,0.0046446809,0.003568886,0.0020489704,-0.007179166999999999,0.022790494100000003,-0.013259936000000002,0.0,0.0112937366
1978-06-30,-0.021061035,-0.051485984000000005,0.0029170740000000004,0.0052386765,0.0052387368,-0.000773803,0.0064080029,-0.009595677,0.023607765299999996,-0.009172314
1978-07-31,-0.02165301,0.0003838813,-0.000853936,-0.00172463,0.011077465900000001,0.0023256797,0.0013999785999999998,-0.005800953,-0.010343874,-0.007656144
1978-08-31,-0.000476364,-0.058594423,-0.00041512,0.0051994661,0.0026424106,0.0061434975,0.0014354457,0.0,-0.005384034,0.0
1978-09-30,0.0,-0.0135154,-0.017003881000000002,0.0024396463,0.0074818196,0.0005744407,-0.0009345139999999999,-0.0026224190000000004,0.0388602441,0.0
1978-10-31,0.0,-0.033138579,0.001361687,-0.001850715,0.015161634399999999,0.0096214192,-0.002512157,-0.01577628,0.0337262752,0.0
1978-11-30,0.0,0.0223433815,-0.021032165,0.0023336222,0.007261912,0.0118748893,0.0123563603,-0.00306883,0.0096524408,-0.004457799
1978-12-31,0.0006262713,-0.010205096,0.0369498546,-0.004457849,0.0105429989,-0.001486214,0.0104910074,0.0056463691000000005,-0.005383964000000001,-0.019270913
1979-01-31,0.0,0.0,-0.018992675,-0.007391031,-0.003505957,0.0031455027000000003,0.009999685500000001,0.0053738139,0.0059846006999999994,0.0
1979-02-28,0.0,-0.013434274,0.0535959222,-0.009545365,-0.0040027529999999995,-0.00030968,0.0006240869,0.0208899856,0.0022602548,0.0
1979-03-31,0.0624297034,0.0004406204,0.0075250286,-0.0076595990000000004,0.0065841455,-0.0022111979999999997,0.0103849514,0.0065400712,0.0011998304,0.0
1979-04-30,0.0575997692,0.0007138706,0.013116738300000002,-0.001026741,0.0018754632,0.0012795426,0.0058230022,-0.0009038480000000001,-0.003023293,0.0
1979-05-31,0.0769260353,-0.0033039740000000003,0.0175816888,-0.000175252,-0.003101376,-3.2721e-05,-0.002594576,0.0010074111,0.0023311601,-0.001300193
1979-06-30,0.00042948050000000005,0.0474221237,-0.000894446,0.0,-0.0036037179999999997,-0.001945963,-0.004800031,-0.0017127289999999999,0.0050501689,0.0
1979-07-31,-0.000210392,0.0466561651,0.0031030581,-0.000355821,-0.002325406,-0.015279861,-0.014834116000000001,0.008326696,-0.001826567,-0.0014957929999999998
1979-08-31,-0.00018575299999999998,0.048185437000000005,0.0041934143,-0.002466653,-0.0015351170000000001,-0.027210135,-0.000174329,-0.008566691,0.024314475099999996,-0.006059762
1979-09-30,-0.000232859,0.0023741207,-0.061176469000000004,2.52311e-05,-0.0055894130000000005,0.08782931949999999,-0.005759398000000001,0.0013910097,0.0108802683,-0.004081035
1979-10-31,0.0009558682000000001,-0.048731957,0.0009072282000000001,0.0005874718000000001,0.0800740757,0.0101682956,-0.009691881999999999,-0.004859278,0.0107292213,-0.0021750999999999997
1979-11-30,-0.000297377,-0.06962936900000001,0.0011012023,-0.001922752,0.06953414769999999,0.0105672927,-0.015583314,-0.002469236,0.0142556725,-0.007319939
1979-12-31,0.0005648274,-0.056317239000000005,0.0317231019,-0.00116669,0.0078514404,0.013451169399999999,-0.019109526,-0.005539019,0.0013900398,-0.0035411170000000003
1980-01-31,0.0013074639,-0.000974864,-0.030435603,0.048964378600000004,-0.0013403470000000002,0.012967794,-0.0064976109999999995,0.0208714092,-0.010014865999999999,0.0033808637
1980-02-29,0.0011398819,-0.000797695,-0.007408087,-0.0006631889999999999,-0.002601122,0.0816779822,0.0076096104,0.0387493202,-0.005545281,0.0027925681
1980-03-31,0.0002202578,0.0040678391,-0.00039738699999999997,-0.018405855,-0.002364538,0.0023133942,0.0072551315,0.21393600129999998,0.0004829377,-0.008121266
1980-04-30,0.0025379918,0.0017624929000000001,-0.01195749,0.0001727897,-0.003332523,0.0095207326,0.0122219222,0.1601102322,-7.0132e-05,-0.008670765
1980-05-31,0.0012786372,0.0034776644000000002,-0.003316731,-0.0026296279999999997,0.0086456091,-0.009608108,0.009769371800000001,0.1225632349,0.0002929925,-0.013534116
1980-06-30,0.0012818915,0.0014678146,-0.005164775999999999,0.0076456504000000005,-0.002145168,0.0051993128000000005,0.0888405662,-0.009173037,-0.000343275,-0.01974464
1980-07-31,0.0009277961,0.0019100109,-0.021544671,-0.000672883,0.0170744147,0.04913069849999999,-0.019139851,-0.010183579,-0.005177195999999999,-0.009075585
1980-08-31,0.0,0.0035194064000000002,6.23421e-05,-0.005757406999999999,0.06694941019999999,-0.004886687,-0.003288294,-0.002268255,0.0012000908999999999,-0.002554859
1980-09-30,0.0,0.006511184000000001,0.0047041312,0.0031872996000000004,0.0400168639,0.0212789428,-0.020264988,0.0020944323,-0.0013289110000000001,-0.0016603229999999998
1980-10-31,0.0,0.0015362041,-0.024462893,0.0082934731,0.0420274764,-0.003560132,-0.003003977,0.0001505343,0.0622017148,-0.000917823
1980-11-30,0.0041787738,-0.000103996,-0.023439157000000002,0.0116678393,0.0005675048,0.0571243379,-0.008826096,-0.001678126,0.0678790823,-0.001123918
1980-12-31,0.0,0.0010341749,0.0341695059,0.008610186,0.0046604675,0.0407817648,0.0018366483999999999,-0.011757665,0.06112009980000001,-0.004813945
1981-01-31,0.0,0.0,0.0893998977,0.008524195200000001,-0.013724341000000001,-0.001065628,0.0171162774,-0.000388835,-0.004750476,0.0024517833
1981-02-28,0.0,0.0,0.09788919880000001,0.00042902010000000004,-0.003573265,0.0055229,0.0144257126,0.0031978004,-0.009018642,-0.000812633
1981-03-31,0.0,0.1167002515,0.0064349327,-0.009604525,0.004085913300000001,0.0011309269,-0.007624667,-0.002729727,0.006830671,-0.006988018
1981-04-30,0.0,0.0841312335,0.0003098654,-0.00812487,0.0038900996999999995,0.0005233322,0.0051393901,-0.003166221,0.0033908748999999998,-0.005172459
1981-05-31,0.0,0.051556677,-0.0008986430000000001,-0.012957187,0.0010773107,-0.0012656739999999998,0.0020394556,-0.000773987,0.0009560241,0.0
1981-06-30,-0.001813328,0.022665439,-0.015356538999999999,0.0011414421000000001,0.0024212988,0.0047668070000000005,0.008274266,0.0065920613,-0.008719799,0.0
1981-07-31,-0.001236228,0.0046749543,0.0005566169999999999,-0.024811235,-0.00023338400000000003,0.007418339300000001,0.0053221748,0.0041373443,0.0,0.0
1981-08-31,-0.001424463,-0.009574906999999999,0.003781798,-0.035936111,-0.002053811,0.0070188308,0.0096748942,-0.011104276000000001,-0.0008560789999999999,0.000565434
1981-09-30,-0.001282498,-0.015214938999999999,0.0059453009,-0.024310147,0.0021468857999999997,0.0191297885,0.0027685701,-0.0047623890000000006,-0.001144751,0.0
1981-10-31,0.0,-0.016237713,-0.038549363999999996,-0.001485495,0.0061587883,-0.001118466,-0.00897982,-0.006311319,-0.00092467,0.010163933100000001
1981-11-30,0.0,0.005443825500000001,-0.029014192999999997,-0.00611416,0.0041263074,0.0036014918,-0.004895600999999999,0.0046361826,-0.004388878,-0.020100957
1981-12-31,-0.002557088,-0.026798917000000002,-0.030112131,-0.0102998,0.0016195937,0.0182940881,-0.008456731,0.0024128668,0.0035822322,-0.011052828999999998
1982-01-31,-0.003278526,0.0025731373,-0.084032038,0.0049579513,-0.008816838,0.009589779100000001,0.0137886626,-0.0022896229999999997,0.0084583836,-0.007779762
1982-02-28,-0.003822108,0.0088860581,-0.066866432,0.0047156507,0.0071741083999999995,0.0252605788,0.0063797203,-0.0045329079999999996,0.0117466346,-0.01900194
1982-03-31,-0.000561026,0.0323713982,-0.031791783,-0.014506378,0.0206808298,0.0153574649,-0.01605979,0.046941078399999996,0.00034952809999999997,0.056649565
1982-04-30,0.0312167224,-0.026913215,0.0029238040000000003,0.005532599399999999,0.0162599883,0.0177465955,0.005118201,-0.00497469,-0.014700078,-0.018848139
1982-05-31,0.0354779079,-0.015158736,0.0175409016,0.0027249409000000002,0.05280944480000001,-0.001561606,-0.012019017,-0.009265176,-0.019313422,-0.018835573
1982-06-30,0.090466819,0.0376260508,0.1517053609,0.0858790051,0.0613142641,0.0127733646,-0.032360965,-0.076313146,0.0028689908000000004,-0.043734525999999996
1982-07-31,-0.129392751,0.0347885957,-0.037435323,0.0868896782,-0.036833767999999996,-0.020616581000000002,-0.020377608000000002,-0.09531124199999999,-0.009153327,-0.041410881000000004
1982-08-31,0.1260916362,0.1918368347,0.0869247221,0.0801531589,0.08688367150000001,0.14060279039999998,0.0068687333,-0.06419335799999999,-0.136243815,-0.038693284
1982-09-30,0.1377760286,0.1928316284,-0.024842724,0.018721413899999997,-0.06914780599999999,0.0339095858,-0.053391217000000005,-0.101882769,0.00733004,0.04827067349999999
1982-10-31,0.20690361129999998,0.4477663858,-0.035124959,-0.011561977,-0.11479169199999999,-0.051028238,-0.079117685,-0.093890543,-0.064242464,-0.06537817900000001
1982-11-30,0.27831868989999997,0.2207778592,0.0141337223,-0.125875249,-0.05195447,-0.06821512099999999,-0.010094812,-0.04364613,-0.09967587900000001,-0.054707776
1982-12-31,0.2904824258,0.22076165809999998,0.0140844966,-0.186695595,-0.0028042440000000004,-0.115532695,-0.049480975,-0.06945886400000001,-0.0667677,-0.012138835
1983-01-31,0.2867770564,-0.073581492,0.0712680067,-0.15317652699999998,-0.097117724,-0.059895067999999996,-0.04198289,-0.038064577999999995,-0.030989627999999998,0.054406438700000004
1983-02-28,0.2642292818,-0.185130921,0.09527012789999999,-0.050666543,-0.09438063599999999,-0.091308018,-0.04799019400000001,0.028110350899999997,-0.05733722,-0.044735690999999994
1983-03-31,0.25976215690000004,-0.064203377,0.040655314399999996,0.0233203417,-0.037614058,-0.12598316,-0.073801831,-0.014656354,-0.037317045,-0.010226617
1983-04-30,-0.099026944,0.10566053480000001,0.0116340899,0.04814957190000001,-0.09581805,-0.05099214,-0.083810427,0.0026379525,-0.005524643,-0.067618574
1983-05-31,-0.051802749,0.10076904619999999,0.0183089396,-0.013310288,0.0024017296,-0.078395845,-0.047793552,-0.003868947,-0.019994663,-0.067221398
1983-06-30,-0.09999802,0.11927118029999999,0.0918545953,-0.025856523,-0.062493904,0.035409753700000005,0.108794818,-0.005515153,-0.004412839,0.0274959323
1983-07-31,-0.157676402,0.1285629505,-0.026117751,-0.008387509,-0.013020968,0.0460016233,0.0661186894,0.17589464359999998,-0.070072837,0.0049260758000000005
1983-08-31,-0.13971758199999998,0.061161664299999995,0.0668075977,-0.000491667,-0.029669674,0.037060546800000004,0.1374177642,0.212031348,-0.035613016000000004,0.0031087199
1983-09-30,-0.171598356,0.1218644253,-0.038086101000000004,0.033563603,0.006675988000000001,0.0459090008,0.1160668275,0.178039428,0.0718532262,-0.003731371
1983-10-31,0.10013429550000001,0.058880632,-0.007293271,-0.026443847000000003,0.018582214,0.10555041849999999,-0.021663239,0.05368106809999999,0.040931526,-0.029086277999999997
1983-11-30,-0.224916082,0.15706838550000002,0.039933317999999995,0.0345299649,-0.060927499,0.1737357838,0.0797056667,-0.008261769,-0.00062547,-0.11543783
1983-12-31,0.09343454529999999,0.1606497856,0.034548171600000004,0.0255655348,-0.019561902,0.0234340819,0.025095523999999998,-0.072557808,-0.080262994,-0.047935491
1984-01-31,0.0155418124,0.1931141582,0.0962354749,-0.031222202,0.050758717599999996,-0.076517407,0.0368252777,-0.105221175,-0.063297162,-0.023152864
1984-02-29,0.0760266651,0.1803763681,0.0446172683,0.0070262375,0.0428930005,-0.07514786799999999,0.052632205599999995,-0.041987752999999996,-0.041809207,-0.046471233
1984-03-31,0.1409117697,0.10640290210000002,0.09145309050000001,-0.032355137,0.081304603,0.014531597,0.1646334303,-0.042544242,-0.074681352,-0.02387678
1984-04-30,0.1282406199,0.16916045579999997,-0.002866665,-0.029624900000000003,0.06978634019999999,0.069285921,0.24074354190000002,0.0718191643,-0.081379699,-0.020405428
1984-05-31,0.1374542067,0.2078523307,-0.010076549,-0.044023537,0.09867842,0.0686259424,0.0833312719,-0.010724393,-0.038375787,-0.07238003
1984-06-30,0.1515850204,0.2218405678,-0.070264723,0.0893038963,0.0148581415,0.14254945730000002,0.0426975939,0.0156609904,-0.028225702999999998,-0.072139062
1984-07-31,0.1971431904,0.27874217760000003,-0.003413995,0.058780510700000003,0.0170611395,-0.04229461599999999,0.1875002934,-0.059330903,-0.181884727,-0.06987452
1984-08-31,0.1829829321,0.2607032914,0.1389402609,-0.004544495999999999,0.0548082162,-0.01222581,0.0812540017,0.0344613057,-0.210222333,-0.07397163
1984-09-30,0.18733430410000002,0.229449596,0.0830297517,0.010561186299999999,0.1645594799,-0.06477226,-0.052236894000000006,-0.062951162,-0.214057028,-0.099146529
1984-10-31,0.1575329399,0.2720495783,0.1187058926,-0.093128898,0.1910127911,-0.059917868,-0.016745883,-0.040967172,-0.17659248,-0.071505043
1984-11-30,0.1793480023,0.2484432461,0.012865531999999999,0.038189728900000004,0.0822592751,-0.074690135,0.027944217099999998,-0.056322114000000006,-0.112801214,-0.08148050700000001
1984-12-31,0.1647503953,0.21746033480000002,0.06326443849999999,0.056383172800000006,-0.045177935,-0.11070316300000001,-0.08654081699999999,0.205913939,-0.150015766,-0.06105055400000001
1985-01-31,0.1837504171,0.0956900821,0.0739307493,-0.055887367,-0.068862055,-0.149638256,-0.03703781,0.1516700048,-0.117019274,-0.088275736
1985-02-28,0.2054997179,0.0869060743,0.0008697923,-0.012309061000000001,-0.040513402999999996,-0.11912131599999999,-0.11109100599999999,0.1341885079,-0.08577623599999999,-0.067462215
1985-03-31,0.2223005375,0.0398158383,0.0211628811,0.060934527999999995,-0.064193641,-0.03071927,-0.078510614,0.0047412242,-0.084152329,-0.057063149
1985-04-30,0.1367049598,0.0021873921,0.058548778499999996,0.009567126700000001,-0.078243841,-0.011886315,-0.06748198700000001,-0.016790552,-0.076101535,-0.048346556
1985-05-31,0.18927592170000002,-0.003021598,0.0165959476,0.09791287929999999,-0.07948380000000001,0.0027288264000000003,-0.09858915,-0.04347386,-0.034116583,-0.054332557999999996
1985-06-30,0.28639855059999997,0.0639420413,0.006163224399999999,0.07439719,-0.10647101099999999,-0.059374115,-0.13337376,-0.069118765,-0.060179845999999995,-0.087096214
1985-07-31,0.1350044206,0.1224648777,0.0727614833,0.0845815653,-0.044652208,-0.051744285,-0.11082876800000001,-0.081017416,-0.054763760999999994,-0.126904447
1985-08-31,0.1578006885,0.12559228449999998,0.0426063698,0.059268645999999994,0.015741111999999998,-0.089142247,-0.057133547,-0.078630796,-0.020202412,-0.047466469000000004
1985-09-30,0.1349160303,0.0503253741,0.10826919189999999,0.0205709652,0.0100979096,-0.02042138,-0.06387286,-0.057056666,-0.033086345,-0.01887459
1985-10-31,0.0911096119,0.12990122839999999,0.095746834,0.12863944730000001,-0.028109408,-0.07481541,0.0551817221,-0.029012086,-0.049504777,-0.013038137
1985-11-30,0.1815985718,0.1239141801,0.0585894491,0.043656030400000004,0.0361846964,-0.081954867,-0.066393648,-0.141708528,-0.016517825,-0.141233998
1985-12-31,0.1971621572,0.1449708876,0.0238045107,0.0150726651,0.034746036099999995,0.0218353264,-0.087804699,-0.06940517,-0.053374989000000005,-0.17199021399999997
1986-01-31,0.2216528129,0.1268545208,0.1154777635,0.0926425816,-0.012692219,-0.016716296000000002,0.0317867698,-0.13263556599999998,-0.13738694099999998,-0.10002722900000001
1986-02-28,0.210111031,0.1107600299,0.1126035541,0.1084904346,-0.007691356999999999,0.025629532599999998,-0.029634897,-0.073993285,-0.126578459,-0.050170328
1986-03-31,0.2451030732,0.0778218972,0.1490230081,0.0140767138,0.08561338560000001,0.022500391800000002,0.0193105156,-0.104041749,-0.147267967,-0.09055207
1986-04-30,0.1839541957,0.11246732779999999,0.07357276509999999,-0.013348346,0.08422912119999999,0.1026828901,-0.09058404,-0.0288026,-0.078009685,-0.100637894
1986-05-31,0.1012002823,0.08912893820000001,0.06471860110000001,0.0695546278,0.1243893331,0.1142735656,-0.045560699999999996,0.024241701400000003,0.0016999305999999999,-0.07221741
1986-06-30,0.016778559199999998,0.0666274709,0.07815071700000001,0.19770171190000002,0.14785163199999998,0.0692222502,0.05299358269999999,0.0354758623,0.0007545754,-0.045899965
1986-07-31,0.0332386778,0.0423950112,0.18561724920000003,0.1947439642,0.16233222419999999,0.102342031,-0.026023308,0.0166988915,-0.009301895,-0.061292362
1986-08-31,0.0575209639,0.1714951786,0.1271043823,0.0804718289,0.1252520653,0.118134651,-0.065759147,-0.040987379,-0.072695108,-0.06481451099999999
1986-09-30,0.015047357800000001,0.18677255199999998,0.1921867992,0.017516721699999998,0.10587618630000001,0.062293505199999995,-0.054461182000000004,-0.117297504,-0.025999524,-0.058970676
1986-10-31,0.0514617395,0.2827471661,0.1662984576,0.0922849322,0.0642673849,0.0500999924,-0.07854132900000001,0.0049956387,-0.24533628300000002,-0.145064371
1986-11-30,0.2235832426,0.1446831948,0.2647309448,0.1306740903,0.1008326756,0.045629584,-0.002774204,-0.032970284,-0.051016099,-0.09823453900000001
1986-12-31,0.30523409690000003,0.1637249674,0.1383763725,0.1123006194,0.017604289199999998,0.0651235641,-0.063299508,-0.107340886,-0.022236477999999997,-0.10185631099999999
1987-01-31,0.1447472198,0.0917499002,0.256080207,0.0783822915,-0.0010332569999999999,0.10240839019999999,0.0119809093,-0.153049942,0.0832045841,-0.08788758599999999
1987-02-28,0.2146545174,0.08292891299999999,0.2649445255,0.025764102200000003,0.0415834195,-0.00726491,0.0290758996,-0.17678395800000002,-0.043991785,-0.067827216
1987-03-31,0.20252584269999999,0.0702615143,0.29148083620000004,0.18811606309999998,0.0600531488,-0.017195915,0.05219235059999999,0.0127185923,-0.043929275,0.0320085128
1987-04-30,0.169499609,0.0269009276,0.2534510553,0.2868358947,0.09129884390000001,0.0305954252,0.0157371237,0.091537774,-0.11129798,-0.047506480999999996
1987-05-31,0.0752781663,0.051709393099999994,0.2031724593,0.2797946845,0.1698852615,0.000979805,0.09940011689999999,0.0316868538,-0.003698191,-0.010429541
1987-06-30,0.17653562899999997,0.041629866200000004,0.2606006978,0.2716922416,0.200989241,-0.016145282,0.0303707068,0.0929994134,-0.047786857,-0.051289448
1987-07-31,0.1072578925,0.2028331759,0.2167264189,0.090861879,0.0571711625,-0.088972886,0.062156741200000004,-0.061240077000000004,-0.016136997,-0.054418669
1987-08-31,0.2102923631,0.2413261848,0.0864897639,0.0778792816,0.0663286124,0.0503791225,0.0019553435,0.0158191331,-0.07463750599999999,-0.09999049900000001
1987-09-30,0.0915729194,0.3037619141,0.20375336239999997,0.07473542450000001,0.0835616254,0.1819168328,0.022444019,0.0097035355,-0.082493107,-0.110944961
1987-10-31,0.1141348061,0.12878621869999998,0.2656420069,0.2214391551,0.2921012127,0.2567650977,0.1980599842,-0.07832882599999999,0.2463689792,-0.018877301000000003
1987-11-30,0.1634059593,0.1532917934,0.2448099415,0.30811894440000004,0.292701862,0.14769334509999998,0.2334228468,0.0008983036,0.1013808618,-0.058025379
1987-12-31,0.2053848723,0.20676549989999998,0.2057908984,0.29056643309999997,0.2088357398,0.1690463165,0.0193123727,0.17899407690000002,-0.007770762,-0.073121029
1988-01-31,0.23511714739999998,0.22044165,0.1720256796,0.1794934994,0.0014619272,0.1082329735,0.1100680327,-0.08215785099999999,-0.066762904,-0.049861148
1988-02-29,0.21461350070000001,0.23513529449999998,0.19850198030000002,0.08104205860000001,0.11674270210000001,0.0239818526,0.0122366625,-0.075772733,-0.124087794,-0.07818576099999999
1988-03-31,0.2245243084,0.2269754654,0.08771760039999998,0.2025046,0.0158422774,-0.019229086,-0.09224513699999999,-0.08597577,-0.099859245,-0.067284439
1988-04-30,0.21274336370000002,0.182083765,0.0694456504,0.1480809872,0.09501831050000001,-0.04784409,-0.173207368,-0.10874662199999999,-0.00750502,-0.11421410800000001
1988-05-31,0.2147189934,0.19617082989999998,0.1073572956,0.1711438388,0.031347423199999995,0.040998792799999996,-0.067669623,-0.17099093,-0.049295769,-0.050426309
1988-06-30,0.1797368802,0.22553226070000001,0.24061360140000002,0.1854069765,0.0193587874,0.0736038789,-0.06494283099999999,-0.12695725900000002,-0.122069201,0.021972289
1988-07-31,0.20349233519999999,0.2434520551,0.1686590549,0.1767123368,0.1194735354,-0.077808487,-0.018592203,-0.158238469,-0.10708130199999999,-0.033266262000000005
1988-08-31,0.161717645,0.2472798168,0.2341487404,0.1753741193,0.1323504506,-0.019784735,-0.11032954199999999,-0.108222455,-0.10742230400000001,-0.04448668099999999
1988-09-30,0.2068791466,0.27049800809999996,0.212228914,0.1835805698,0.1199110371,0.0350068206,-0.07199775900000001,-0.14684045099999998,-0.127650324,-0.055362853
1988-10-31,0.26224246760000003,0.28905547719999997,0.2268640237,0.1115551033,0.1222329921,0.0505877862,-0.052663405,-0.132709876,-0.04499086099999999,-0.020302093
1988-11-30,0.1880984223,0.36255422439999996,0.1854433354,0.0999781109,-0.036016796000000004,0.0595856445,-0.026221578,-0.121661718,-0.031576987,-0.101862458
1988-12-31,0.2219406786,0.3032013559,0.100323348,0.0259872029,-0.043538263,0.0389020636,-0.017803016,-0.098503978,-0.026824201000000002,-0.075326162
1989-01-31,0.2679458395,0.21894111079999998,0.16884384670000002,0.0823979679,0.057767842199999996,-0.108338521,-0.08641379699999999,-0.155638103,-0.07963937900000001,-0.046322515
1989-02-28,0.2092170481,0.2840214175,0.182434643,0.13630730189999998,-0.071799708,-0.069555467,-0.10251801,-0.19370379699999998,-0.111466711,-0.071943176
1989-03-31,0.22133195309999998,0.2721289894,0.1641630933,0.1577998123,-0.066864537,-0.05165171,-0.111982539,-0.097558445,-0.169256693,-0.074260169
1989-04-30,0.2274794345,0.2755080564,0.1254665669,0.1795603788,-0.036674843,-0.044160452999999995,-0.07184010099999999,-0.11350638099999999,-0.055176265,-0.08530344699999999
1989-05-31,0.2146883577,0.2962228887,0.09022486789999999,0.1627139228,-0.011480085,-0.006172843000000001,-0.057485789,-0.095269608,-0.022662807000000004,-0.060972454
1989-06-30,0.24054494199999998,0.2662831152,0.14994877199999998,0.11470243720000001,-0.046543136,0.016416646200000003,-0.045534803,-0.10804801900000001,-0.00143902,-0.02083148
1989-07-31,0.19046775579999997,0.3021024503,0.1946328259,0.11771029,0.015469688200000001,-0.018580895,0.0028915193,-0.0030963590000000004,-0.049333221,-0.093126061
1989-08-31,0.1321095253,0.2830999783,0.247651569,0.0951350599,0.157201813,0.057843606,0.0019743914,-0.076150261,0.1305170262,-0.011073867
1989-09-30,0.1242924888,0.2336398766,0.1958422539,0.1719105535,0.10314142820000001,0.1410216538,-0.027760882999999997,0.0246909855,-0.052091498,-0.028058092000000003
1989-10-31,0.093868761,0.1831918355,0.164880601,0.22452632760000002,0.12114366550000001,0.0856041677,-0.058868595,-0.133185709,0.24388142510000002,-0.065509517
1989-11-30,0.0626209523,0.14137896279999998,0.2846039562,0.0889764125,0.0457624674,0.0963098797,-0.034684306,0.0979125564,-0.122087267,-0.051246089
1989-12-31,0.0398534141,0.1491555172,0.2457028127,0.08428843130000001,-0.022496997,0.0695686464,0.0531648471,-0.08041136,-0.125327926,-0.16617949699999998
1990-01-31,0.1020743703,0.1297528139,0.25462076079999996,-0.05159235400000001,0.0666614421,0.0535673398,-0.061146155,0.0109071254,-0.11112984599999999,-0.199544385
1990-02-28,0.1352502608,0.1148831731,0.1326574096,0.0954574285,0.0707983309,0.10621333300000001,-0.10709418300000001,0.026570246000000002,0.0022743568,-0.275020084
1990-03-31,0.15478917,0.10698781380000001,0.19582740199999998,0.07263348559999999,-0.061490761,-0.09469658199999999,-0.026815377,-0.083044569,-0.007667561,-0.102487428
1990-04-30,0.1077949808,0.1916660085,0.1132719756,-0.008423884,0.0662451677,0.0334262681,-0.083223866,-0.056304658,0.016971584799999998,-0.13064577800000002
1990-05-31,0.1390226624,0.2721127009,0.0931580241,0.0025920652,0.043453892599999995,0.0669346935,-0.065904899,-0.18630973399999998,0.0107484199,-0.103162184
1990-06-30,0.2009991294,0.21353245440000002,0.1747761291,0.1530628402,0.0194492943,-0.030835519,-0.11931211,-0.09595774900000001,-0.20115362,-0.12325668199999999
1990-07-31,0.2732238457,0.1393505606,0.25765303920000004,0.17310364329999997,0.048026689299999994,-0.02402343,-0.087119419,-0.107854417,-0.173815965,-0.113485399
1990-08-31,0.2779060079,0.1437536787,0.22974771730000002,0.2376942846,0.1636288087,0.08769591199999999,0.0625591202,-0.031978007999999995,-0.232894472,-0.10227507300000001
1990-09-30,0.2992848827,0.1722649472,0.2086736734,0.2540369443,0.11497348560000001,0.0715050158,0.0267820143,-0.030130498,-0.155780584,-0.139336624
1990-10-31,0.3366678509,0.2050435837,0.22151904739999997,0.2454377861,0.1293388912,0.026171941400000003,0.0470823134,0.0198097666,-0.124979925,-0.11145752099999999
1990-11-30,0.4109576495,0.2543313999,0.2157122498,0.1692032957,-0.077713345,-0.015471651000000001,-0.11028433300000001,-0.17960462600000002,-0.128553906,-0.099753348
1990-12-31,0.44407727090000004,0.24801260239999998,0.22317178940000001,0.0064870321,-0.039160400000000005,-0.10997912900000001,-0.151226459,-0.14795539,-0.16330432,-0.103252709
1991-01-31,0.4811274429,0.1619682025,0.1665744491,-0.027329985,-0.172860237,-0.171095128,-0.295443775,-0.247060721,-0.18153545899999998,-0.243182466
1991-02-28,0.4778791837,0.23672905219999998,0.0065496782,-0.021652654,-0.168086349,-0.22167008300000002,-0.15154404800000001,-0.152770407,-0.290896294,-0.21851354399999998
1991-03-31,0.3781411172,0.31249343690000003,-0.06735847,0.0172567749,0.0158035573,-0.06844106400000001,-0.152534565,-0.218000899,-0.32040573,-0.09188323400000001
1991-04-30,0.33534303670000004,0.2821204489,-0.028477689,0.0006092904,-0.023401419,-0.169237754,-0.127181489,-0.17192703199999998,-0.29158944800000003,-0.065119256
1991-05-31,0.2865977413,0.1910207753,0.0901440173,-0.073932348,0.0064012492,-0.134036292,0.1269833816,-0.036743773,-0.12375558,-0.10595078699999999
1991-06-30,0.2903862801,0.17641159050000002,-0.0008453089999999999,-0.020881014,0.0147829599,0.0523632259,0.0356089682,0.007356419499999999,-0.117048869,-0.09935254
1991-07-31,0.28050267079999996,0.1143423432,-0.033575322000000005,-0.036952055,0.164890125,0.044121248499999995,0.040366604900000005,-0.09525367900000001,-0.162854048,-0.066167107
1991-08-31,0.2190488073,0.1488423323,-0.033176232,-0.024396117000000002,0.19633011920000001,0.115374764,0.0594043337,-0.186396426,-0.394123614,-0.116973866
1991-09-30,0.1734781293,0.142570496,0.0201435006,0.1418434024,0.2177373695,0.18156022379999998,-0.06841240900000001,-0.041585112,-0.38374612399999997,-0.097841354
1991-10-31,0.160605219,0.15914062369999998,0.026105499100000002,0.11584005730000001,0.1572265551,0.15656139970000002,-0.027629781000000003,-0.14837756800000002,-0.088347519,-0.05167627599999999
1991-11-30,0.16810957280000002,0.1723693664,0.045536456100000004,0.0727258511,0.1900693509,0.2105505775,-0.075447384,0.008828470699999999,0.0479122374,-0.043186838
1991-12-31,0.1334491659,0.21591608760000003,0.0770111406,0.0964886286,0.0513618176,0.0598334654,-0.016667054,0.0168597699,0.015510006699999999,-0.051305819
1992-01-31,0.1254186904,0.20121854420000002,0.0581029238,-0.038540076,0.1041776474,-0.044917005999999995,-0.048209072,-0.028076896,0.0597649421,-0.131826985
1992-02-29,0.12068213259999999,0.1949451914,0.0838566459,-0.058261334000000005,0.11085949490000001,0.0363208165,-0.186002165,-0.00412727,0.042351778300000004,-0.104608016
1992-03-31,0.0989294138,0.1577388583,0.0455870633,-0.019741488999999997,0.0463556616,-0.040433034,-0.046538221,-0.07773114,0.1092839467,-0.031293622
1992-04-30,0.0929001566,0.1310184935,-0.09156922599999999,0.17894242510000002,-0.039320078,0.1918694033,-0.018107894,-0.019591001,0.0368950579,-0.08442061
1992-05-31,0.130644561,0.0299093369,-0.014774543999999999,0.18106695809999998,-0.005493673,0.1766353293,0.07986745349999999,0.016105678000000002,-0.108000228,-0.210069444
1992-06-30,0.09536736259999999,0.07415310139999999,0.0113700647,0.1340430618,0.1458753409,0.0357028511,0.1280360794,-0.08065025599999999,-0.07247759599999999,-0.125511176
1992-07-31,0.0727194716,0.1537433778,0.0845139861,0.17509218850000002,0.0629858628,0.1148260242,-0.004114295,-0.048891036,-0.055527724,-0.052445912000000004
1992-08-31,0.0833245951,0.108134405,0.22105087420000002,0.16970280420000003,0.20304781079999998,0.08571949460000002,-0.081604751,-0.149519404,-0.058418992999999995,-0.070100923
1992-09-30,0.1210487105,0.1248650492,0.1855503302,0.1682433706,0.2262990171,0.041540276099999995,-0.08465265300000001,-0.11132044699999999,-0.141915025,-0.049514340999999996
1992-10-31,0.13895054699999998,0.10434335369999999,0.1121857508,0.2571596114,0.012580372900000001,0.0272581704,-0.18654391899999997,-0.136988358,-0.158484254,-0.08093507700000001
1992-11-30,0.1565646245,0.089699238,0.1176141419,0.09215395929999999,0.0041623977,-0.033285764,-0.231154663,-0.23243713,-0.182914435,0.0014346057
1992-12-31,0.15729366279999998,0.0538698632,0.006000918199999999,0.0084133773,0.09329177550000001,0.0244817287,-0.17916406,-0.16967480399999998,-0.165640388,-0.138049625
1993-01-31,0.1156161049,-7.502e-05,0.11025012470000001,0.0878867703,0.0817111695,0.09412222890000001,-0.250433866,-0.127132813,-0.092436097,0.0130155005
1993-02-28,0.10266544960000001,0.044973041799999995,-0.024889922000000002,0.1490669203,0.08136005269999999,0.2250260852,-0.043454348,-0.161226491,0.045258786100000004,-0.012738458000000001
1993-03-31,0.1135891258,0.019238622900000002,-0.01717981,0.2708107731,0.17381033780000002,0.0871779518,0.12482716519999999,-0.07150733,-0.048715275999999995,-0.074740081
1993-04-30,0.10569852210000001,0.034994514,0.0161108298,0.1100657652,0.1725651867,0.20409568820000001,0.1101180136,-0.076386865,-0.049971227,-0.031933019
1993-05-31,0.0845928692,0.0077188497,0.13016688380000002,0.1285672342,0.0660356408,0.2000156617,-0.023557562,-0.17790297100000002,-0.18177790800000002,-0.022618147999999998
1993-06-30,0.0967591582,0.0740753159,0.176566086,0.2237967023,0.0211663678,0.10115155630000001,-0.004916021,-0.21893658,-0.216489137,-0.057414845
1993-07-31,0.11495521210000001,0.0473277076,0.24150462399999997,0.1798082466,0.234031093,-0.015451438999999999,-0.059356232,-0.132719184,-0.116006838,-0.0040158929999999995
1993-08-31,0.1493275248,0.0709207065,0.1832672054,0.1366950093,0.25512597940000004,0.08959507130000001,-0.064485365,-0.027095057000000002,-0.153550615,-0.041598631000000004
1993-09-30,0.1690373618,0.10185587800000001,0.24784733850000001,0.1220696645,0.2634870179,0.1528636146,-0.055599165,-0.157991406,-0.17065713100000002,-0.045575933
1993-10-31,0.16730481349999998,0.09720233199999999,0.2683907541,0.1596902546,0.15255838019999998,0.15454997369999998,0.0943333383,-0.129904207,-0.212816691,-0.065149764
1993-11-30,0.1473388722,0.1138965137,0.2782153705,0.1906817229,0.1083863212,0.1135972439,0.1235865913,-0.050908117,-0.099551418,-0.027875214
1993-12-31,0.15423912039999998,0.1759267955,0.2063774935,0.2121734448,0.0726448507,0.111696335,0.0994922548,-0.0659591,-0.118457326,-0.08912832300000001
1994-01-31,0.0777455596,0.15610175269999998,0.1621969872,0.168575058,0.1664854268,0.1620555391,0.0309038818,-0.010974642,-0.14496047,-0.10531288400000001
1994-02-28,0.0733248003,0.1628835751,0.2173593178,0.1825582168,0.1547838587,-0.010994536999999999,-0.041902458,-0.046210053,-0.300163542,-0.134279048
1994-03-31,0.0803558712,0.16887822940000002,0.2123429812,0.2231239271,0.1959047643,0.0260936807,-0.07682209200000001,-0.076756098,-0.189947487,-0.077497252
1994-04-30,0.0887677458,0.1291725464,0.24845769280000002,0.2612922687,0.1998787898,0.20033702760000002,0.0395305677,-0.070152932,-0.11325634400000001,-0.023329111
1994-05-31,0.1059938994,0.1538554894,0.1899775077,0.1206286,0.13151222699999998,0.240110816,0.1804848514,0.0296624179,-0.07508111099999999,-0.069365144
1994-06-30,0.1181225897,0.138380963,0.2686035089,0.15648646619999998,0.2239900223,0.12174736289999999,0.2536561534,0.009752471700000001,-0.092457551,-0.112067131
1994-07-31,0.1422631057,0.1346007618,0.2961215833,0.1068819353,0.1742015477,0.23660264760000002,0.14027318449999998,0.0426013163,-0.126070458,-0.06490085599999999
1994-08-31,0.1519503628,0.1259197528,0.20856931969999998,0.2352578196,0.1590900642,0.1856410034,0.0709942075,-0.081998116,-0.102229598,-0.129384774
1994-09-30,0.1705363564,0.0733579046,0.3336732196,0.2234766134,0.1638219764,0.1161233888,0.020233834699999998,-0.13020601199999998,-0.13630997,-0.055930955
1994-10-31,0.20186442920000003,0.1410555796,0.2039482284,0.2872715745,0.1632957866,0.1615500781,-0.067222682,-0.077947525,-0.13311525400000002,-0.066474992
1994-11-30,0.1685417468,0.1933247411,0.3141412428,0.2512701004,0.11306897869999999,0.0731008169,-0.032372512,-0.111463138,-0.17130316199999998,-0.056289482
1994-12-31,0.1464518669,0.2877563827,0.1296829743,0.22920881420000003,0.1276755475,0.0645445665,-0.006665158000000001,-0.14623998800000002,-0.127971961,-0.042293273
1995-01-31,0.1898959295,0.22149009530000002,0.2008232888,0.1422850484,0.1427439482,0.0019932859,0.0104337765,-0.10871043,-0.08749827,-0.07169552900000001
1995-02-28,0.2212025723,0.159820224,0.2404838154,0.1485236419,0.2297113454,0.0755371319,0.00261934,-0.157781698,-0.15671786,-0.08760348800000001
1995-03-31,0.21283215739999997,0.2017953213,0.09857372730000001,0.2602996508,0.1663822881,0.066524057,0.0544213651,-0.078783425,-0.123718188,-0.062835675
1995-04-30,0.20670346329999997,0.1903772796,0.1356117794,0.2372044729,0.1580347288,0.17266634739999998,-0.050831392999999996,-0.046295433,-0.075473616,-0.138104018
1995-05-31,0.1745045988,0.2767526124,0.17331200800000002,0.1683693727,0.1697076431,0.2206585476,-0.044323575,-0.027567883999999997,-0.138737623,-0.11370522300000001
1995-06-30,0.20869658789999998,0.21605030670000003,0.2599960072,0.1157325387,0.1800642986,0.11500676480000001,0.1224150129,0.0243813581,-0.118562167,-0.030021682
1995-07-31,0.1895004287,0.2137035752,0.1525738114,0.1481914616,0.3181575927,0.36286860600000004,0.1171081164,-0.057058615,-0.033616457999999995,-0.0030306509999999997
1995-08-31,0.2464417446,0.1342249217,0.17137332600000002,0.1273071948,0.2954821762,0.3989998976,0.1627037699,-0.073320756,-0.086766236,-0.031250266
1995-09-30,0.2579543321,0.1645342096,0.0333896783,0.2575148584,0.3335009909,0.387796782,0.24576377719999998,0.07247017160000001,-0.0175232,-0.024520759
1995-10-31,0.2490058914,0.17301322260000002,0.0594366708,0.3407521087,0.2504764505,0.3407397485,0.33668565619999996,0.2119767286,0.0261604602,-0.058763985
1995-11-30,0.2713033243,0.2123740553,0.0669846545,0.2158928509,0.3191933198,0.2898780596,0.2204145631,0.3062714526,0.1442898134,-0.0717087
1995-12-31,0.2901215765,0.1371585282,0.2167526089,0.1626310608,0.2816208867,0.3074105795,0.2766987133,0.2958493995,0.07788001139999999,-0.193227062
1996-01-31,0.2224483574,0.0764006766,0.204613435,0.09749410050000001,0.2773111427,0.1269708401,0.3082629195,0.36340112,0.1296804678,-0.166506651
1996-02-29,0.1985866865,0.2362823381,0.055664931200000003,0.1072025193,0.19742922100000002,0.1088014872,0.3448116146,0.2347298968,0.1326731955,-0.16850425300000002
1996-03-31,0.2367548847,0.1331347587,0.1624688384,0.1451750681,0.23590014780000002,0.0272124881,0.1984916123,0.2075704052,0.1764544189,-0.14550954
1996-04-30,0.21745117989999999,0.1333597038,0.1336762958,0.2064583066,0.1649415592,0.2152429243,0.0959428623,0.1729103152,0.017185051399999998,-0.07793653
1996-05-31,0.22167601039999998,0.126834057,0.14974007960000002,0.20062384519999998,0.1841992292,0.17351057890000002,0.0125378923,0.14063623779999998,-0.09829243800000001,0.159766648
1996-06-30,0.1418184041,0.20338642199999998,0.08776654910000001,0.2445468103,0.1281339601,0.1842333885,0.11455465949999999,0.1226689365,-0.071331833,0.09974659300000001
1996-07-31,0.2179728389,0.1485087015,0.08980482769999999,0.11498317539999998,0.2277390786,0.15370829800000002,0.1579849931,0.1531208753,0.0287117969,0.0860610337
1996-08-31,0.211658787,0.149462685,0.21728874129999998,0.1575616942,0.0034217545,0.10377328529999999,0.1187022502,0.0885793811,0.0676995618,-0.024637436000000002
1996-09-30,0.19332832530000002,0.1897356243,0.21338812280000002,0.0729285474,-0.030853568999999997,0.124607154,0.0947273558,0.1421912637,-0.111767252,-0.063631719
1996-10-31,0.2216011168,0.179649403,0.16342876650000002,0.22954157120000002,0.07280056809999999,0.0844340442,0.051605816500000005,0.0649249333,-0.181811392,-0.110129221
1996-11-30,0.2301546066,0.1679576976,0.0781326115,0.2676074244,0.09629368390000001,0.0403082698,-0.020642563,-0.099120069,-0.09382664,-0.133045476
1996-12-31,0.1795238698,0.2113241576,0.1563105105,0.2018875916,0.1622363813,0.0215248669,0.0011710611,-0.035087447,-0.122981479,-0.115142895
1997-01-31,0.1453385565,0.1544586041,0.1416085689,0.2791193416,0.18104337739999998,0.0659131087,-0.041841112,-0.043397952999999996,-0.087988231,-0.08879685699999999
1997-02-28,0.10462527220000001,0.1483896082,0.19335050059999997,0.2660592994,0.1335131691,0.039874463900000004,0.0911752143,0.015020354599999999,-0.033149857000000005,-0.026153682
1997-03-31,0.09918026460000001,0.1364240007,0.2310611528,0.2230854278,0.21797158079999998,0.1828022084,0.0474104199,0.0102679608,0.0457499734,0.016406886399999997
1997-04-30,0.08220928429999999,0.1573382788,0.1625351865,0.4343334809,0.3127834025,0.2216923254,0.12553049460000001,0.0455367337,0.016524726599999998,0.0834282174
1997-05-31,0.0809969446,0.199047433,0.214527456,0.35509862649999996,0.3104299188,0.2264613197,0.0330146627,0.1073343583,0.0131822884,-0.05348351900000001
1997-06-30,0.16751102939999998,0.19846660929999999,0.2271179646,0.3442061209,0.2517272779,0.164831808,0.1646749036,0.0261236659,-0.11775112800000001,-0.076690345
1997-07-31,0.1713203984,0.18389783489999997,0.2088845009,0.3266830475,0.2298777191,0.2336371466,0.1337183129,-0.057817047,-0.085138583,-0.02066183
1997-08-31,0.11441027710000001,0.2029288504,0.2634837282,0.1489519896,0.2133595295,0.21641443789999998,0.08400150880000001,-0.111723324,-0.122932495,-0.17554904600000001
1997-09-30,0.0709139798,0.19869426399999998,0.1476738345,0.21730512780000003,0.3314972444,0.17600485989999998,0.0495337766,-0.104680177,-0.10888763800000001,-0.183860462
1997-10-31,0.0737904212,0.22912273100000002,0.1776336506,0.1218888307,0.0956017161,0.24212130839999998,0.10001298730000001,0.0246644193,-0.117904557,-0.022595156
1997-11-30,0.0930481808,0.27180073109999997,0.1362520471,0.1606699435,0.0786861808,0.08605182089999999,0.250593933,0.0815424443,0.0602368909,-0.004385078
1997-12-31,0.1234067103,0.16665622230000002,0.1738005788,0.2252985569,0.08523064,0.1922539566,0.2586436917,0.0675689914,0.1560745264,-0.072429046
1998-01-31,0.0766036053,0.0911931342,0.09291483769999999,0.30209254329999996,0.1036336281,0.2273146981,0.0744921939,0.0525256692,0.0897047729,-0.104731369
1998-02-28,0.07818107490000001,0.144721759,0.07898213379999999,0.1700786477,0.1420585759,0.2183639601,0.1806716885,0.0866828431,-0.10506066800000001,-0.23425117399999998
1998-03-31,0.0940052909,0.15896170910000001,0.0939662091,0.0746858602,0.1939537292,0.1356326377,-0.037830899,0.0344396357,-0.08032108,-0.189445974
1998-04-30,0.09904535210000001,0.1347472937,0.0781638134,0.18599817899999999,0.0552637458,0.1214464611,0.053493606500000006,-0.141574225,-0.040573008,-0.117340375
1998-05-31,0.0701785276,0.1194005878,0.1716815722,0.1887612954,-0.014980165,0.1301363749,0.058209265999999996,-0.09558156400000001,-0.10921027400000001,-0.09802818699999999
1998-06-30,0.0903828532,0.0780154473,0.197148635,0.1110635701,0.2023817643,0.151774212,-0.009822601,0.0739904247,-0.16220237199999998,-0.154324405
1998-07-31,0.1037793527,0.0724589492,0.25806529,0.1117696287,0.06438005349999999,0.2437156051,0.0343488585,-0.06338852,0.0093592699,-0.141577963
1998-08-31,0.0968065593,0.0860993446,0.16782100719999998,0.22037303879999998,0.2328220549,0.3162071008,0.051810314100000004,-0.04485082,-0.16860409399999998,-0.084990026
1998-09-30,0.044040307800000005,0.1876239552,0.08142704320000001,0.1828043486,0.3258100104,0.1729711577,0.1136213333,-0.010328111,-0.177688785,-0.029627375
1998-10-31,0.1313477484,0.11943394869999999,0.1987816239,0.24965890649999997,0.1254707702,0.1814245334,0.1148524792,0.0241511079,0.0053578919999999995,-0.175942488
1998-11-30,0.1553340687,0.12823651630000002,0.22312292079999999,0.187712273,0.1465075597,0.0435597197,0.1148809692,-0.057635063,-0.02968393,-0.174111535
1998-12-31,0.1820801612,0.2253038197,0.34762780880000005,0.1976054914,0.12508634470000002,0.1873011192,0.0250088775,-0.009511327,-0.062819104,-0.20185067399999998
1999-01-31,0.2310009378,0.24060371379999998,0.3021691119,0.2898298091,0.23958100710000002,-0.056403395999999995,0.1582925527,0.057463691100000006,-0.242504948,-0.013528886
1999-02-28,0.14550514720000002,0.23959640399999999,0.27230755030000003,0.2908999276,0.39941440780000004,0.2321123915,0.19742887760000002,-0.154694485,0.0823993021,-0.041830203999999996
1999-03-31,0.2086933918,0.2964875183,0.2395732297,0.3027906808,0.2407593145,0.3687969751,0.1164567651,0.06618315849999999,0.046917979000000005,0.06550126049999999
1999-04-30,0.15978255619999998,0.2429883666,0.2767344326,0.287013367,0.2524568877,0.3003441648,0.3162147326,0.1437221373,-0.0026773559999999997,0.029116273300000002
1999-05-31,0.17055703649999998,0.3277408863,0.1667962408,0.3568132356,0.200467829,0.18351674980000002,0.2217986618,0.2637536914,0.2391091894,-0.132488245
1999-06-30,0.1144195001,0.24488393120000002,0.2595253528,0.3398117383,0.1979456354,0.12365767539999999,0.0498368213,0.33358799079999996,0.230807344,0.09008136800000001
1999-07-31,0.1089465112,0.16913225850000002,0.2901826354,0.2509656561,0.29648265420000003,0.3403543552,0.19333598219999998,0.24171212420000002,0.1505176863,0.0114117124
1999-08-31,0.12658326460000002,0.1405986955,0.3212054184,0.3425436157,0.159822186,0.34157486439999996,0.23004360370000002,0.11004440130000001,0.0925438195,0.0625207691
1999-09-30,0.1928939405,0.1590726791,0.2728524334,0.25247971280000003,0.2018454794,0.3127926092,0.07937420469999999,0.0644215856,-0.094751321,-0.134925735
1999-10-31,0.1551010778,0.19205496739999997,0.2665674012,0.25353014949999997,0.19593610420000002,0.2425088236,0.1791551609,0.0373190154,0.0347433159,-0.087934845
1999-11-30,0.17177870059999997,0.26082925170000004,0.1966090275,0.22487362219999998,0.2376290683,0.2207240423,0.1759487687,0.0729676584,-0.050886245999999996,-0.205171081
1999-12-31,0.1526868975,0.2554383967,0.1576899895,0.11305620359999999,0.2474962601,0.1834344302,0.2221629858,0.21243837559999998,-0.080641306,-0.117918632
2000-01-31,0.1727693596,0.2283432423,0.1777958636,0.09190740480000001,0.1279148933,0.20516503460000002,0.2696182021,0.16941260100000002,0.0331534598,-0.076037997
2000-02-29,0.19662578420000001,0.1821985321,0.1830799817,0.237034866,0.2523534778,0.2214597146,0.2977519803,0.2120612989,-0.045184967,-0.11332924300000001
2000-03-31,0.1678596372,0.2357492413,0.1542842459,0.2141349138,0.1752191598,0.2742975095,0.2028185878,0.25754749109999997,0.0810011536,-0.08250383
2000-04-30,0.1772949376,0.2607189737,0.0965807004,0.1818618126,0.27913880690000004,0.2758539757,0.35588923840000003,0.1619018811,0.1670491458,0.1837608412
2000-05-31,0.32170331679999997,0.207687416,0.15856639779999998,0.1454580192,0.2815610612,0.21400475149999998,0.4392198707,0.1804844866,0.146074813,0.13616937839999999
2000-06-30,0.33619499140000003,0.1713098921,0.1013413574,0.0899026468,0.26650960100000004,0.2964857684,0.3169471825,0.1661996277,-0.008741812,0.06531642230000001
2000-07-31,0.3260370706,0.1736047839,0.09870472529999999,0.1739133436,0.1687365395,0.2880401747,0.24810861059999997,0.1672017175,0.0749437968,-0.047339108
2000-08-31,0.23513203,0.1600026592,0.2101652197,0.1941247273,0.1205803072,0.20878538859999998,0.2565192035,0.05137999360000001,0.1564489201,-0.062005938
2000-09-30,0.2864217704,0.07513992929999999,0.1532271705,0.2092944187,0.1097689952,0.2168479977,0.23987472780000002,0.1851167923,0.154861319,0.0544649131
2000-10-31,0.23379646629999998,0.18746937730000002,0.0735283452,0.050592851900000006,0.2171820082,0.20893804649999997,0.1878389932,0.24954827350000003,0.220414521,0.12300310800000001
2000-11-30,0.2895262541,0.1342716514,0.10770145240000001,0.051215511799999995,0.0995313734,0.143707409,0.2760347115,0.2167081199,0.2491874239,0.1556964415
2000-12-31,0.297284518,0.07538602280000001,0.10379532220000001,-0.008146415,0.1405496643,0.20787997879999998,0.1218762572,0.2652217428,0.3532463069,0.294000658
2001-01-31,0.2295706137,0.1467569406,0.10804167070000001,-0.048190803,0.07994728129999999,-0.063178453,0.20650672890000002,0.24079219,0.3369886275,0.1995073408
2001-02-28,0.25810757230000003,0.127293419,0.150446584,0.0427063441,-0.128858496,-0.06169849,0.1256739355,0.1917711973,0.328433183,0.1883478721
2001-03-31,0.2711007064,0.1373810547,0.1818396789,0.1294875954,-0.128878636,-0.13171116900000002,-0.18351869399999998,0.22964408379999998,0.2355298877,0.1930170062
2001-04-30,0.38393489799999997,0.1773139718,0.0546098138,0.1342875751,0.11308643759999999,-0.128365391,-0.294537084,-0.030909039,0.1643984056,0.1711854932
2001-05-31,0.3802895053,0.2142080221,0.0427488554,0.1447974814,0.0534026042,-0.18979097600000003,-0.3905608,-0.120943867,-0.007074481999999999,-0.043769305999999994
2001-06-30,0.34345897200000003,0.1341881151,0.0679459632,0.0922875968,0.013180711299999998,-0.241539311,-0.204605068,-0.076021072,-0.08434270599999999,-0.09614916
2001-07-31,0.2502068952,0.1614609729,0.1627525748,-0.10306539599999999,0.0148756395,-0.13755102800000002,-0.195729966,-0.08419016300000001,-0.193533747,-0.068575667
2001-08-31,0.2561914782,0.2008570434,0.1227469226,0.033675496,-0.042623428,-0.049420146,-0.28311941,-0.193190993,-0.131710834,-0.179465491
2001-09-30,0.349158597,0.1879423804,0.11171292640000001,0.12865735650000001,0.0703300412,-0.10167529199999999,-0.203860884,-0.11076441,-0.100541776,-0.086073594
2001-10-31,0.3174376609,0.17149453239999998,0.1295683268,0.057780263899999997,0.0838491125,-0.02600806,-0.244075712,-0.13117762,-0.078482897,-0.140246168
2001-11-30,0.27761552079999996,0.239094515,0.077639069,0.023102571000000002,0.0840173358,-0.149345366,-0.10002564300000001,-0.166861691,-0.177636071,-0.27927682
2001-12-31,0.2714853635,0.1533347482,0.0308388739,0.0813091505,0.0561771103,-0.105125965,-0.195469139,-0.055898374,-0.151881044,-0.09177937
2002-01-31,0.3484946085,0.1178042109,0.0936918773,-0.0025395829999999998,-0.017148693,-0.10467240800000001,-0.231508642,-0.147682491,-0.20786855199999998,-0.10254276699999999
2002-02-28,0.3168465902,0.1750719416,0.098462958,-0.041456254,-0.061573834,-0.08229128599999999,-0.149430843,0.09400986630000001,-0.093027401,-0.177653363
2002-03-31,0.2802155466,0.227836144,0.0860814254,0.0428407559,-0.107302489,0.130210038,-0.17234454,-0.178117109,-0.257650358,-0.225290563
2002-04-30,0.2656377803,0.21990719039999998,0.09883724449999999,0.11609026230000001,-0.014262012,0.0283937204,-0.1512204,-0.083151634,-0.246493706,-0.14134591900000001
2002-05-31,0.2083347384,0.2195148211,0.1500767208,0.08527118480000001,0.10879758769999999,0.0159960476,-0.064868648,0.0454030421,-0.020780229,-0.119316332
2002-06-30,0.1284393192,0.20661634510000002,0.1552542381,0.0297951521,0.039141412599999995,0.0335109757,0.1789740864,-0.097617339,-0.070286754,-0.537449113
2002-07-31,0.1650875141,0.19094253239999998,0.0916249186,0.16215933300000002,-0.01318216,0.0187679139,0.0776425492,-0.12748204900000001,-0.174401303,-0.44235621
2002-08-31,0.19622994649999997,0.2131422594,0.1211855792,0.11681798609999999,0.0510896835,0.05914969999999999,-0.043394959000000004,-0.10547430199999999,-0.12959263099999999,-0.457531024
2002-09-30,0.19196827100000002,0.21210107,0.1510333292,0.041903647,0.10916420119999999,-0.005985351,-0.006656258000000001,-0.227404147,-0.235898227,-0.528004034
2002-10-31,0.2523931332,0.22692208170000003,0.07778399379999999,0.062449150700000004,-0.10228453900000001,0.0935393,-0.03871112,-0.025586237999999997,-0.296121625,-0.530750441
2002-11-30,0.2924861141,0.2243985957,0.15166500230000002,0.039753303399999995,-0.09216526400000001,-0.056491335999999996,-0.015859098999999998,-0.08879803800000001,-0.342997909,-0.477693453
2002-12-31,0.2816898981,0.2066452964,0.1919504407,0.022837977599999996,-0.059266772,-0.068595354,-0.03629178,-0.178511499,-0.33458123,-0.497129285
2003-01-31,0.3143366601,0.20317029760000002,0.08417719119999999,-0.035605998,-0.014802808,-0.121567704,-0.18385330600000002,-0.169110304,-0.389366237,-0.42045818799999995
2003-02-28,0.2199533857,0.1432367826,0.053612750300000005,0.09529905300000001,-0.02024817,-0.081024199,-0.134194285,-0.287802279,-0.384051838,-0.389869735
2003-03-31,0.2291873498,0.2419657426,0.0356803585,0.0807959402,-0.018831900000000002,-0.148335895,0.0207030514,-0.035915087000000005,-0.286618771,-0.392059527
2003-04-30,0.3809499647,0.2340280682,0.1212772881,0.005442479399999999,-0.057666817,-0.089596742,-0.072728225,-0.000681886,-0.272177285,-0.424523639
2003-05-31,0.39227692869999997,0.2271879753,0.1565140661,0.015520491200000002,0.008391298,-0.035285544,0.050718413899999995,-0.057795135,-0.015265121999999999,-0.332941851
2003-06-30,0.3175993179,0.10375244619999999,0.14503359529999998,0.0298035683,0.0917705425,0.182331183,0.0353656794,-0.045920512999999996,0.0397189462,0.0397952667
2003-07-31,0.2890256741,0.1010635175,0.09261510630000001,0.1020594432,0.1465002909,0.2181162931,0.0724990653,0.0124463645,0.0866319444,0.0555357763
2003-08-31,0.2661816551,0.1063249623,0.1460604757,0.20397151859999998,0.1512496384,0.2598622618,0.0875397394,0.03730572,-0.090655076,0.0057624954
2003-09-30,0.2710238896,0.1416178457,0.2106189044,0.19559455010000001,0.2351104382,0.0833936062,0.0999259637,0.0437264787,0.0087882911,-0.000613825
2003-10-31,0.23297815239999997,0.0655600507,0.2298840271,0.2305862414,0.2097459914,0.0405187386,-0.058004419,0.2558317411,0.0274125021,-0.009086572
2003-11-30,0.2046922489,0.0625536614,0.18683678410000001,0.236190667,0.1262144151,0.13402953380000002,0.048148720199999995,0.09036985019999999,0.1817916952,-0.007007792
2003-12-31,0.15170221779999998,0.1322527016,0.1137136839,0.24514867989999997,0.143919455,0.0800258636,0.06553577969999999,0.19967997969999998,0.1828453409,-0.011862126
2004-01-31,0.1517151587,0.052704836,0.0870141287,0.1744797201,0.1673776883,0.1602919572,0.0979257184,0.1245417533,0.2113671508,0.0614814796
2004-02-29,0.0657322826,0.0792271288,0.17694437789999998,0.1382235649,0.2250254834,0.1319873946,0.07863785849999999,0.21607458629999998,0.1848904884,0.17423908300000002
2004-03-31,0.1159595132,0.0628575064,0.0944867741,0.25534371920000004,0.296821128,0.18097734699999998,0.0788283988,0.2330832627,0.1368153551,0.1296792054
2004-04-30,0.042314253499999996,0.1740280933,0.1427357627,0.3182249534,0.20965069,0.1660927282,0.0753615287,0.2198925484,0.08922088289999999,0.10595973130000001
2004-05-31,0.058047910300000005,0.19249358260000002,0.17743872289999998,0.16885303670000001,0.2557116426,0.2092479136,0.2232584241,0.10571982369999999,0.0036230496999999995,-0.028227172000000002
2004-06-30,0.1139998783,0.186894516,0.210073118,0.1652913453,0.23724803,0.2412382851,0.2127731698,0.2552483382,0.1168556201,-0.096552021
2004-07-31,0.110328803,0.2201319681,0.2147760339,0.1101567478,0.1891312834,0.23277389269999998,0.25126509539999997,0.09793512970000001,0.0830835141,0.0252162817
2004-08-31,0.1364159773,0.2185084538,0.22317401350000002,0.1737246152,0.0804860819,0.2876202017,0.18378022600000002,-0.013705538,0.0566548141,-0.054351323
2004-09-30,0.14112193380000002,0.23321024210000002,0.1443818541,0.1597615895,0.10427966050000001,0.2295969132,0.0786888554,-0.009970948,0.0508983887,-0.210110763
2004-10-31,0.1471787864,0.20623776370000002,0.1517083701,0.0768003565,0.17544990289999998,0.23699420579999997,0.036136802,0.0300978356,-0.0053351480000000005,-0.219898502
2004-11-30,0.150078367,0.21942054260000002,0.123595748,0.0612268529,0.1553809857,0.2459959456,0.0443228381,-0.098803398,-0.2371518,-0.166430034
2004-12-31,0.1574387652,0.165936262,0.08999206050000001,0.11968562220000001,0.0759010592,0.1701538208,0.1444579085,0.0020866851,-0.364150301,-0.134016221
2005-01-31,0.1237884368,0.1397962676,0.029534260299999997,0.1298731055,0.149993465,0.0772630097,0.1613869445,0.1312164998,-0.018245235,-0.118601493
2005-02-28,0.0642810463,0.29589830079999996,0.0148529486,0.19527493140000002,0.1720584583,-0.050639575,0.13336206539999998,0.10223478119999999,-0.08404241800000001,-0.099950908
2005-03-31,0.0711059736,0.10822186269999999,0.2653632962,0.12256705970000001,0.16852265989999998,0.042152176799999996,0.2763391853,0.0108200088,0.0236730194,-0.100032846
2005-04-30,0.09249704380000001,0.1663306357,0.0950719141,0.30326212550000003,0.2701186224,0.2179925199,0.25299423309999997,0.2058560151,0.0912402707,-0.17430104800000001
2005-05-31,0.063658195,0.156777305,0.2564471253,0.2915634039,0.2169055477,0.2723287139,0.27431934199999997,-0.016854152,0.0819088251,-0.298309843
2005-06-30,0.1337518723,0.18544717239999997,0.2649681305,0.2499260412,0.2340826517,0.1377979093,0.29468534350000003,-0.125379973,-0.04151247,-0.23821599999999998
2005-07-31,0.0928557642,0.2280806478,0.17963904149999999,0.3059312447,0.2885226895,0.21530408510000001,0.154670417,-0.020210535,-0.0039766029999999996,-0.151501398
2005-08-31,0.0780375745,0.3488187817,0.1957527391,0.3462989418,0.23458302530000003,0.2064503398,0.08694150619999999,0.1220949316,-0.001037294,-0.18611750100000002
2005-09-30,0.0364433885,0.3188274701,0.24000072260000002,0.2710287879,0.2399645664,0.2883786043,0.1641674276,0.17440193699999998,0.0292722046,-0.098145064
2005-10-31,0.030729770299999997,0.080964887,0.3098270457,0.1370279578,0.2742605282,0.34466194159999997,0.3680738253,0.33822260590000003,0.173495653,-0.092563484
2005-11-30,0.0379834842,0.0381818929,0.32399417070000003,0.1773720918,0.2200915421,0.3421950558,0.36382572960000004,0.33607065329999997,0.1286695115,0.022657385699999998
2005-12-31,-0.028690082999999998,0.1772324547,0.1811634389,0.19493836679999998,0.0543788155,0.37689870600000003,0.35920559350000003,0.2504420783,0.11480609929999999,0.0913061559
2006-01-31,-0.028202917,0.2151245556,0.1371129112,0.011567395500000001,0.2671294049,0.3947845138,0.3487264425,0.167474979,0.0513034844,-0.06400286
2006-02-28,-0.02935311,0.2100889059,0.0737666475,0.122618989,0.0784393455,0.31134599079999997,0.41114196810000003,0.3450459481,0.22709169469999999,0.053633603499999995
2006-03-31,0.0130242605,0.1678754988,-0.002627985,0.133503046,0.19506741600000002,0.2222135416,0.3736842429,0.3976635468,0.2889055809,0.2008067275
2006-04-30,0.0851290323,0.021208194399999998,0.1730947252,0.1419549664,0.1917806993,0.3527726468,0.34320556659999996,0.34001253789999997,0.22058419440000002,0.1507355049
2006-05-31,0.0802701685,0.0501911527,0.1548513408,0.280152728,0.1243251309,0.19178229030000002,0.2760842667,0.3011566322,0.1992862759,0.1277397388
2006-06-30,0.0408086498,0.1496206808,0.1282676963,0.2504757212,0.191116335,0.1339376938,0.2975042629,0.2381708251,0.24934176719999998,0.1229631548
2006-07-31,0.0948155354,0.1570172399,0.246528443,0.2104197588,0.0944107532,0.14563121140000002,0.2889122219,0.25835571809999996,0.3113627988,0.1169560737
2006-08-31,0.16361650279999998,0.1993054224,0.2250392843,0.052603154900000004,0.12479026619999999,0.0893080926,0.3045464346,0.22528053609999998,0.17076909329999998,0.0472365617
2006-09-30,0.23077286190000001,0.2754478563,0.18138974149999998,0.08587010939999999,0.2313122549,0.0835786282,0.1619117956,0.0987145888,0.09969845570000001,-0.044876563
2006-10-31,0.19175241,0.3106793076,0.1825672659,0.1768953311,0.14229747269999998,0.1350231712,0.0538218475,0.13388618859999998,0.1045691931,-0.018646659
2006-11-30,0.1852966698,0.2969708583,0.1711471923,0.1471430823,0.0786434282,0.1324074992,-0.014106013,0.16428838810000002,0.0375164423,0.3501695561
2006-12-31,0.2328442073,0.3147484933,0.18472678309999999,0.135546689,0.055332743899999995,0.0286895814,0.1148250598,0.18516076120000002,0.1280047353,0.1297207948
2007-01-31,0.1789861559,0.2851133266,0.1378426985,0.1275125302,0.0955206299,0.0178025278,0.1092254635,0.1668622037,0.1164010942,0.06611423820000001
2007-02-28,0.2291620784,0.2258911864,0.1553215535,0.24995542969999998,-0.085099425,-0.021268439,0.1948971249,0.14441125330000001,0.1582193751,-0.083340265
2007-03-31,0.2022840334,0.2277889364,0.0699816199,0.21300092969999998,0.0456873476,0.006198833199999999,0.22001152300000001,0.1985752007,0.164543271,0.028927380899999997
2007-04-30,0.23699836289999998,0.1409183554,0.18764659379999998,0.18645950420000001,0.1712598848,0.1154210866,0.1511479587,0.0794795126,0.1278426565,0.057280605199999994
2007-05-31,0.2577397839,0.1496958899,0.22104300579999997,0.1670852095,0.0719266561,0.15527050550000002,0.061304416699999996,0.094613635,0.1401958603,0.026232388
2007-06-30,0.25513883190000003,0.2258726332,0.2312877996,0.20939902030000002,0.0881190505,0.0568442471,0.10878889130000001,0.2063563492,-0.075273507,0.1626257535
2007-07-31,0.2155109805,0.31102705199999997,0.2986122606,0.1620772474,0.1376479409,0.1898049666,0.2480317352,0.132362351,0.1533886306,-0.016170163
2007-08-31,0.2231471187,0.3189244567,0.199095625,0.2233392412,0.1821454836,0.3038373245,0.2601475181,0.2257151231,0.0649457415,-0.006450071
2007-09-30,0.23149397559999998,0.3768909176,0.2181096418,0.2551298404,0.2373524784,0.302620476,0.1707949911,0.1919730781,0.09753003060000001,-0.065212615
2007-10-31,0.2898388177,0.2366393695,0.228412377,0.1856647864,0.3084188356,0.2652242271,0.22881360350000002,0.1164015452,0.0354381006,-0.125514309
2007-11-30,0.2644185569,0.33579575829999997,0.2504562165,0.28666824280000003,0.0360830591,0.31226345510000003,0.0696131575,0.1718473438,0.0292791498,-0.172075827
2007-12-31,0.2386828973,0.34611509420000003,0.1274553278,0.144060763,0.1321773708,0.1265110613,0.0190466677,0.3168388069,-0.118930102,-0.23718518600000002
2008-01-31,0.35262114899999997,0.2754143449,0.2448397822,0.1035667155,-0.012668759,0.1493380474,0.1432337032,-0.024416534,0.0030370656,-0.328849472
2008-02-29,0.3789260031,0.3562140884,0.1977526714,-0.09999331,0.0911431943,0.20640766489999998,0.0515491652,0.14151679820000002,-0.42379536700000003,-0.060797343
2008-03-31,0.3976373264,0.3406852055,0.2311647213,0.0488977245,0.1323851559,-0.12326021599999999,-0.064280642,0.0228579628,-0.29894288399999996,-0.219188246
2008-04-30,0.4416828856,0.3331607753,0.2567549306,0.0595159854,-0.067856217,0.0113082068,-0.026028173999999998,0.0082205614,-0.095032887,-0.290484465
2008-05-31,0.44756558189999995,0.2968426521,0.18983591489999999,0.1415278331,0.0362370811,-0.049212844000000006,0.0022444912,-0.047259034000000005,-0.243549143,-0.43120860899999996
2008-06-30,0.4167557654,0.2469741825,0.2176629314,0.0532501984,0.20277890899999998,-0.094728989,0.2834013469,-0.078317896,-0.202497912,-0.157028001
2008-07-31,0.38843420700000003,0.2841562617,0.21257960120000002,0.2314413462,0.20671518100000003,0.22820376309999998,-0.289240968,-0.266765711,-0.333906423,-0.241696706
2008-08-31,0.4070494243,0.2717426138,0.1517693246,0.2194032309,0.1952203209,0.2714274004,-0.202628893,-0.045817992,-0.458463914,-0.281590312
2008-09-30,0.3379633292,0.3762367101,0.2601886091,0.1801779436,0.3793217797,0.25439026989999997,0.053870492,0.0603355365,-0.371353831,-0.5303039420000001
2008-10-31,0.2894548281,0.2689639436,0.18561426960000002,0.1856967353,0.514256811,0.098101723,0.0238045843,0.2031326646,-0.19680285100000003,-0.309157365
2008-11-30,0.3519255961,0.25204298059999997,0.1938104485,0.2532091907,0.3894028536,0.0340999341,-0.010156255999999999,-0.077840177,0.0158337117,-0.486425933
2008-12-31,0.4354727734,0.20472673260000002,0.13360494050000002,0.20420414550000002,0.0931297422,-0.058258914,0.021585293399999997,-0.237577247,-0.33174511100000004,-0.246483865
2009-01-31,0.36538394539999997,0.17610088570000001,0.0357275294,-0.079787963,-0.19813304399999998,-0.272163895,-0.18906678600000001,-0.270859845,-0.373163539,-0.619327223
2009-02-28,0.3418577337,0.147847722,0.0339071996,-0.14883103,-0.14228697,-0.18233063800000002,-0.252221426,-0.25195768,-0.21698825,-0.45542721700000005
2009-03-31,0.3210269993,0.2262089313,-0.029011687,-0.082758784,-0.183842406,-0.23527335600000002,-0.181453413,-0.233083032,-0.243692952,-0.6578009770000001
2009-04-30,0.3531893175,0.2120156718,-0.001760087,-0.11193933199999999,-0.159408018,-0.228364232,-0.207858602,-0.230457007,-0.256997816,-0.493147149
2009-05-31,0.3561959568,0.2604616084,-0.025604112000000002,-0.143110621,-0.10733327,-0.33447514899999997,-0.198347594,-0.31055848199999997,-0.243572848,-0.604581233
2009-06-30,0.3309684463,0.1389691156,0.019165886200000003,-0.0586749,-0.191079188,-0.208643435,-0.35752277200000004,-0.248486395,-0.43338066799999997,-0.421452303
2009-07-31,0.3074925274,0.1897184343,-1.1754000000000001e-05,-0.041870721,-0.151167585,-0.191956885,-0.28202051699999997,-0.470991735,-0.412723749,-0.387521423
2009-08-31,0.2832736184,0.12593923210000002,-0.011788803999999998,-0.00944733,-0.34672033799999996,-0.160303475,-0.001159374,-0.39831571200000004,-0.271399286,-0.253236272
2009-09-30,0.23275935620000002,0.070140286,0.11598897640000001,0.0603054716,-0.08978533699999999,-0.077427791,-0.145858753,0.3316057058,-0.22453478,0.08860805880000001
2009-10-31,0.1208036259,0.09843285619999999,0.0323529944,-0.010597005,0.2522031761,-0.06536660799999999,0.07049797969999999,0.3755218468,-0.12380721,-0.259303708
2009-11-30,0.1277992905,0.0874878156,0.1986222675,0.1715870851,0.1346906309,0.2076016798,0.0078146721,-0.045766995,0.0077247837,-0.236194629
2009-12-31,0.0894241445,0.1327251584,0.2010533905,0.2229691797,0.20724778559999998,0.10818602890000001,0.0496168662,0.0996499473,0.0173299574,-0.160491293
2010-01-31,0.0709844532,0.1730596525,0.1504712801,-0.08254386400000001,-0.003922131,-0.056331405,0.2166778376,-0.03786496,0.1198326117,-0.122317162
2010-02-28,0.083347301,0.08771578699999999,0.18660784730000002,0.0089996751,0.18148718960000002,-0.078595175,0.22483295960000002,0.1464058308,0.1726485856,-0.064415129
2010-03-31,0.0862339146,0.1445825419,0.24965188300000002,-0.004899532,0.12200937419999999,0.0419976276,0.21334492870000002,0.0464820533,0.0715397197,-0.10674462400000001
2010-04-30,0.1042628289,0.2375956891,0.151274297,0.13736015,0.11420093369999999,0.19169780690000002,-0.12496141,0.0259058279,0.008985774,-0.177865178
2010-05-31,0.0779655225,0.16702678140000002,0.33429424739999997,0.11198288529999999,0.1279438389,0.1336315702,0.10717673470000001,0.15025488310000001,-0.0008751710000000001,-0.071037269
2010-06-30,0.02813942,0.1552588401,0.1999757058,0.3176244984,0.29585562,0.209259645,0.1405547861,0.0194503481,0.1913153332,-0.079583751
2010-07-31,-0.0074946940000000005,0.2001409041,0.1282639871,0.2938279694,0.2107658937,0.28101644940000003,0.0740197294,-0.01928809,0.26711200960000003,-0.015758868
2010-08-31,0.042336265,0.1334421972,0.26415126559999996,0.1501567859,0.263397585,0.10066396679999999,0.0598833872,0.19576585800000001,-0.0019409660000000001,-0.055433758
2010-09-30,0.052057574100000004,0.1581065252,0.1957673488,0.10975958300000001,0.0846282994,0.1600025815,0.046893655199999995,0.0606408334,0.12290516060000001,-0.007028497
2010-10-31,0.04312815,0.0884296638,0.1539929863,0.28777388989999997,0.0196863307,0.0909764933,0.0590068903,0.07725379019999999,0.0520509486,-0.038198029
2010-11-30,0.006687604000000001,0.1797683239,0.18883894350000002,0.1139377567,0.1311076836,0.0479454093,0.08736544800000001,0.0687216424,0.0017957682000000002,-0.052145092000000004
2010-12-31,0.040910072,0.1392793239,0.2054722219,0.1060317273,0.18273575739999998,0.0684738788,-0.147040473,0.1468461333,-0.06452983400000001,-0.030877705
2011-01-31,0.08720813460000001,0.1361625359,0.0660648058,0.0120213986,0.0005795482,0.0162533906,-0.043788328,-0.236058388,-0.009546216,0.0739262784
2011-02-28,0.13259175,0.1215920301,0.0995675157,0.0704051559,0.0473820962,0.050604924800000006,0.055262793899999996,-0.208454854,0.0738976447,0.1892616056
2011-03-31,0.1163894294,0.2003421269,0.073535298,0.1002036279,0.20607494899999998,0.0704924396,0.0898746426,0.103102295,0.0799672739,0.2256714396
2011-04-30,0.0643247729,0.2615551104,0.20988863940000002,0.1452925964,0.2662739092,0.2591958238,0.1547357736,0.0852146193,0.1402596799,0.1460436743
2011-05-31,0.0716685764,0.2120018427,0.2733692377,0.19201689149999998,0.33174202199999997,0.27627406530000004,0.08006102799999999,0.1766955967,0.12091847550000001,-0.04269416400000001
2011-06-30,0.0649123447,0.24309172850000002,0.1993811784,0.1770148286,0.33661800950000004,0.2380973213,0.1420434797,0.1506725119,0.08527441570000001,0.0154441515
2011-07-31,0.1029170052,0.2582508455,0.23759036690000002,0.17322231940000002,0.2615194786,0.026971646600000003,0.2190350236,0.0634932291,0.108365608,-0.037218392
2011-08-31,0.1494906812,0.1985051119,0.1604433691,0.16139401539999998,0.16388139470000002,0.3145686069,0.15920558810000002,-0.039965309,-0.26144544,-0.204194807
2011-09-30,0.2337967134,0.21666074370000002,0.1398756397,0.2601386066,0.1928063229,0.2796740772,0.1173093842,0.055479241799999995,-0.378285763,-0.310592994
2011-10-31,0.24982975149999997,0.22567028719999999,0.1595970421,0.166296138,0.132973694,0.1313566913,0.3271637301,-0.024029016,-0.333025464,-0.255098525
2011-11-30,0.2384673025,0.2187183812,0.19777736329999998,0.0745287486,-0.013812166,-0.0023931729999999997,0.1673641026,-0.187779764,-0.20469642,-0.1389383
2011-12-31,0.2168609586,0.24318971829999997,0.10586918880000001,0.0637301966,-0.089166379,-0.182285631,0.028036423799999998,-0.099681609,-0.280617508,-0.05722136
2012-01-31,0.2452316674,0.2466018114,0.0181859605,0.0049777417,-0.136320269,-0.265832561,-0.32777761699999997,-0.38397444399999997,-0.33701354200000005,-0.11143336300000001
2012-02-29,0.2357810217,0.2849444787,-0.084976371,-0.067482296,-0.18529543199999998,-0.237408118,-0.290824105,-0.35361378,-0.262917761,-0.222726349
2012-03-31,0.1608014449,0.3191386424,-0.010665306000000001,-0.057340559000000006,-0.153362837,-0.261378736,-0.34487123299999994,-0.21131323800000001,-0.245717596,-0.10027624
2012-04-30,0.1512192105,0.22639623539999998,0.0054820577,-0.059475387000000005,0.34543839270000004,-0.21746632600000002,-0.206180837,-0.243316735,-0.146398359,0.0291525526
2012-05-31,0.16886797920000002,0.1986504699,0.2128221821,0.0081877359,0.34912546240000003,0.0409335992,-0.195391978,-0.022174573,-0.23163261300000001,-0.098025048
2012-06-30,0.0910036652,0.0839238749,0.1167840461,0.32617187870000003,0.11696104619999999,-0.11192188,-0.019112305,-0.09027076699999999,-0.06822483,-0.319735681
2012-07-31,0.0808955123,0.2730478396,0.1280069483,0.12567408830000001,0.1061151517,-0.077295114,0.008560760300000001,-0.039167315,-0.135715349,-0.285329954
2012-08-31,0.052815485499999995,0.3595938896,0.08557769119999999,0.1138728615,-0.004087043,0.0117207581,0.0301654795,-0.032863388,-0.018729703,-0.190392213
2012-09-30,0.1459854825,0.2504229524,0.0708373082,0.11785183560000001,0.03281919999999999,-0.143622783,-0.011803728999999999,0.047999515599999994,-0.155560095,-0.185638085
2012-10-31,0.12122689730000001,0.207596024,0.1946693066,-0.016833665,-0.055403319000000006,-0.114786746,0.0346675532,-0.106744796,-0.08969250599999999,-0.068734897
2012-11-30,0.1273357149,0.1456178524,0.023385601699999998,0.0149854424,0.2210606365,-0.236067919,-0.008207964,-0.119190332,-0.012004832,-0.22477087399999998
2012-12-31,0.1106823975,0.1374331692,-0.053877719000000004,-0.017204386000000002,-0.008528558,-0.16637792,-0.065596152,-0.11046908400000001,-0.06826864,-0.168964715
2013-01-31,0.1719928055,0.054072658499999995,-0.062350109,0.0730649355,0.050454310499999995,-0.151837734,-0.242291845,-0.057170417,-0.087089126,-0.394702205
2013-02-28,0.1867555477,0.0720731757,0.06509085419999999,0.019482088600000003,0.0311189908,0.0842937203,-0.193173751,0.0706350382,-0.090452289,-0.232642006
2013-03-31,0.1667141595,0.1085277018,0.0641864263,0.0692618418,0.1266058123,0.0209397464,-0.257281602,0.0475140791,-0.015621033000000001,-0.212137721
2013-04-30,0.1690751496,0.0829637585,0.1080479564,0.1241962964,-0.0073370169999999995,0.098727909,-0.034067398,0.1052720399,-0.011261033,-0.403750426
2013-05-31,0.1522250384,0.1550969779,0.021085841600000002,0.0090223869,0.12254537060000001,0.11994488980000001,0.113051372,-0.043036967999999995,0.0083478194,-0.326242788
2013-06-30,0.20878834940000002,0.16770679970000002,0.0111957654,0.0776507922,0.20389384730000001,0.16824930149999998,0.1521389427,-0.047819787,-0.019443705,-0.17830127699999998
2013-07-31,0.1663237403,0.1540090026,0.1002630723,0.14346737140000002,0.10603958960000001,0.18200886530000002,0.049219241600000005,0.1160352931,-0.101352988,-0.06253538900000001
2013-08-31,0.1433838827,0.200102155,0.031158065800000002,0.20166177079999997,0.0769261199,0.035469253799999996,0.1029906371,0.046637678200000005,-0.127931934,0.04755012
2013-09-30,0.1106178754,0.2038492115,0.214185355,0.1418371885,-0.098451527,0.1110097567,-0.180328233,0.18706794699999998,-0.00557677,0.2620921772
2013-10-31,0.0657683322,0.2036182989,0.21805189239999997,0.0841061448,-0.16685845900000001,0.0600256291,0.17817678620000002,0.1492876205,0.0793461191,-0.09121050800000001
2013-11-30,0.0318338487,0.12075097580000001,0.1051751829,-0.031978217,0.0277992875,0.0004467322,0.11469890449999999,0.1578984801,0.0325641549,-0.062168662
2013-12-31,0.0543624042,0.044354051299999996,0.049181554,0.1104882338,0.0178215172,-0.08538782800000001,0.23557103149999997,0.052959222,0.041946437,0.0172257406
2014-01-31,0.05158944519999999,0.062213618899999996,0.014674028200000001,0.17384222170000002,0.06912537070000001,-0.06409823,-0.01389045,0.2895809076,0.0570807413,-0.030365435
2014-02-28,-0.017844568999999998,0.0459893124,0.1087763135,0.122800676,0.22756235030000002,0.0360597297,-0.02453425,0.2677169151,0.0098119755,0.0654874971
2014-03-31,0.0263405685,0.0862649243,0.1531373942,-0.021087697000000002,0.0921167966,0.1433940268,0.1046851212,0.2356574849,0.0782417047,0.077651262
2014-04-30,0.0480265875,0.10634861220000001,0.1599591846,0.0085014006,0.11287730730000001,0.22183756219999998,0.17896713190000002,0.2558967511,-0.035325694,-0.018284698000000002
2014-05-31,0.086168275,0.1523371943,0.09259111029999999,0.025512831200000002,0.1468842871,0.1935448718,0.2608420882,0.2385117322,-0.079594613,-0.087953356
2014-06-30,0.1062034918,0.2151454084,0.179502107,0.09322286960000001,0.23573778809999998,0.0687527519,0.32869487010000004,0.117343974,-0.05321227,-0.175269515
2014-07-31,0.1296526556,0.16437544699999998,0.18468283870000002,0.2682970925,0.14187916550000002,0.20854324559999998,0.0902288735,-0.07769794599999999,-0.11737330800000001,-0.10668155300000001
2014-08-31,0.17429797170000003,0.1790456119,0.1021800057,0.25774424949999997,0.2953792208,0.16261366119999998,0.0064191706,0.0208393618,-0.0719123,-0.122428638
2014-09-30,0.16937729999999998,0.16471203539999998,0.1860557711,0.1469066681,0.3738215933,0.11766484,0.1324287028,0.0627176889,0.036185817,-0.026084637
2014-10-31,0.1617567814,0.1398330624,0.0788461209,0.2008681259,0.22933811210000002,0.2632808277,0.0257955568,0.1211617112,-0.005824509,-0.177664328
2014-11-30,0.14846657359999998,0.1356145074,0.1184844375,0.24782656309999998,0.1472785366,0.1044177322,0.288299161,0.136230489,-0.019951523999999998,-0.270639998
2014-12-31,0.0723068521,0.146423382,0.10182213400000001,0.1124805423,0.036486334700000005,0.1691673359,0.1572243612,0.08506504869999999,-0.083014406,-0.326952309
2015-01-31,0.09240568800000001,0.0989143886,0.0561340067,0.3150784294,-0.073718855,-0.131761834,0.1634010573,-0.292576319,-0.21603788699999998,-0.45090093700000006
2015-02-28,0.06144977980000001,0.12490098779999999,0.0928861536,0.0928872229,0.0414347604,-0.15156441,0.2372991167,-0.20670423699999999,-0.291508695,-0.36190337200000006
2015-03-31,0.0112845795,0.0862292427,0.0872696933,0.247338742,0.0263817315,-0.086693986,0.0035713235999999997,-0.143300718,-0.24168931899999999,-0.107791495
2015-04-30,0.0099963831,0.06933484690000001,0.3012822182,0.0675592936,-0.082577695,0.07675135450000001,-0.12929168300000002,-0.16447751,-0.24854184899999998,-0.15679502
2015-05-31,0.035653095,0.0815392999,0.2956186054,0.1126653119,-0.036109606,-0.11260903800000001,0.1514991621,-0.076787674,-0.159281497,-0.038344883999999996
2015-06-30,0.10899524960000001,0.18308070170000001,0.08892881,0.1435494813,-0.166913016,0.0891734954,-0.034879676,-0.00789785,-0.234275375,-0.074095011
2015-07-31,0.09239618849999999,0.0719469858,0.179441308,0.2118634514,0.0475185604,0.061949230300000005,0.052134975599999994,-0.035387387,-0.187606722,-0.038248372
2015-08-31,0.11790030800000001,0.1526585989,0.051964198499999996,0.3331463571,0.0944220586,-0.067791843,-0.096702489,-0.022755666,-0.366681321,-0.18848625600000002
2015-09-30,0.157976014,0.10746661019999999,0.1743635634,0.14248972070000002,0.3174851367,0.1187298484,-0.031531065,-0.09121288,-0.173918619,0.0037256654999999997
2015-10-31,0.1642001743,0.0563170331,0.0933499073,0.17434737320000002,0.10374572259999999,-0.008158865999999999,-0.008951501,-0.113742425,0.0300623245,-0.094138792
2015-11-30,0.1385057803,0.0885435743,0.1328203575,0.1906602711,-0.0051365429999999995,-0.065105932,-0.0070940759999999995,-0.12445914300000001,0.05251397,-0.191048112
2015-12-31,0.16052146779999998,0.18357006059999997,0.16964500859999998,0.0265572073,0.0419061667,-0.000888618,-0.099874327,-0.056030945,-0.11777089199999999,-0.21103993899999998
2016-01-31,0.1586402407,0.14789762480000002,0.09755864189999999,0.0415872255,0.0216922996,0.15619143900000002,-0.204017258,-0.17343379899999997,-0.334601255,-0.25780755699999996
2016-02-29,0.1846291559,0.1211977949,0.057409885,-0.016933217,-0.049450413,0.179613104,-0.046318767999999996,-0.223614755,-0.40158465299999996,-0.278516937
2016-03-31,0.1943871186,0.0368413986,0.10172649210000001,-0.109703607,0.0670068739,-0.018863634,-0.152610713,-0.32488453,-0.342167131,-0.38011277
2016-04-30,0.21450727190000002,0.1189987261,0.1367047696,0.0283855833,-0.023914986000000003,-0.073638927,-0.166880574,-0.23325508,-0.354617202,-0.315776367
2016-05-31,0.23109082879999998,0.052464351,0.1476218473,0.0380625956,-0.003974353,-0.079170032,-0.07180056900000001,-0.33949789399999997,-0.329123082,-0.305116984
2016-06-30,0.1746781231,0.0795944819,0.11879090949999999,0.0923326609,-0.142118755,-0.008970152,-0.150793287,-0.31681967699999997,-0.323228095,-0.189637677
2016-07-31,0.15825761130000002,0.0742965362,0.0885251302,0.0732430957,-0.16964361100000003,-0.044345877,-0.10735613699999999,-0.36384287,-0.087003342,-0.152933299
2016-08-31,0.1888637169,0.0135008534,0.0610285435,0.11261047589999999,-0.20167602,-0.061325242,-0.106611871,-0.325620825,0.020812292,-0.17481778899999997
2016-09-30,0.1365766328,0.0815945387,-0.06245104,0.12111239210000001,-0.025993528,-0.018968843,0.040915739799999996,-0.14203782199999998,0.0920168967,-0.059192053
2016-10-31,0.08432216199999999,-0.031170545,0.060974944,0.0786753015,-0.000756116,0.017736038899999997,0.0979628533,0.07509470019999999,0.024928287900000002,-0.071122409
2016-11-30,0.0257944707,0.08877855330000001,0.13973961599999998,0.063829186,0.0322184495,0.050757043099999996,0.0793072915,0.1535229826,0.2458265227,-0.027488762000000003
2016-12-31,0.0365120638,0.0830852825,0.0970752165,0.0753413879,0.016762450800000002,0.0804761348,0.1797307309,0.08864197539999999,0.2173431727,-0.092147138
2017-01-31,0.0348099117,0.1302350813,0.0854026105,0.0497283961,-0.021371776000000002,0.1828957816,0.029527314500000002,0.1129280963,0.2039765699,-0.07972514900000001
2017-02-28,0.059743033,0.060244550099999995,0.2200966446,-0.009030491,0.0433626645,0.043592789800000004,0.0827697602,0.1866399593,0.0906420792,0.0400155871
2017-03-31,0.0333060497,0.1462802968,0.0419668209,0.21436767140000001,0.09786881880000001,0.015004212099999999,-0.119470633,0.0378305185,-0.030563436,0.0329276701
2017-04-30,0.0687412402,0.1461205794,0.1883438368,0.1753580985,0.1199262753,0.0044625693,0.0594692284,-0.14835422,-0.101824175,-0.106361765
2017-05-31,0.061166701399999995,0.1853779459,0.2506054587,0.1795568772,0.1318970815,0.042248862400000003,-0.0066169340000000005,0.0752804651,0.0077458741,-0.170913912
2017-06-30,0.0627386169,0.1307286981,0.21442886100000003,0.2229678837,0.0569327739,-0.0008811689999999999,-0.064926289,0.14445956470000001,-0.09688747699999999,-0.067516215
2017-07-31,0.11831761060000001,0.0543609958,0.23205616510000002,0.0770126419,0.0760234455,0.040580851200000004,-0.071688088,0.0809543193,-0.111665931,-0.056326102999999995
2017-08-31,0.1180355032,0.1207859267,0.0638469546,0.1277414393,0.0782453189,0.046868381900000006,0.0375918633,-0.087020116,-0.025341897000000002,-0.19912737100000003
2017-09-30,0.1155765898,0.1284343309,0.1434463829,0.10721854980000001,0.10640207380000001,0.0738394624,0.0921032467,-0.099610614,0.0050078716999999995,-0.18871652
2017-10-31,0.09278488369999999,0.0764081583,0.2377898865,0.1218531403,0.0158240148,0.042993393899999996,0.0988300484,-0.04880338099999999,-0.036712374,-0.050788658
2017-11-30,0.0702936438,0.1447900725,0.16219035539999999,0.13942706,-0.035751224,0.0433904541,0.06369355269999999,0.0063374854000000005,-0.135087881,-0.183898421
2017-12-31,0.095763932,0.18702523899999998,0.1375977058,0.168384924,-0.01603588,0.027048479,0.07008532599999999,0.0175494642,-0.160179353,-0.149099826
2018-01-31,0.1307000519,0.0486178396,0.1324145875,0.0306638171,0.0492690426,0.13299756140000002,0.1748486348,0.0062268093,-0.115925197,-0.071943436
2018-02-28,-0.0063416209999999995,0.19081397690000002,0.11224775390000001,0.2320213054,0.0132974494,0.0631469836,0.2542691227,0.08245267769999999,0.027525936299999998,-0.07998244
2018-03-31,0.024484572200000002,0.1705324361,0.17208429,0.1484205899,0.0991004519,0.17486814809999998,0.1605069407,0.218434485,0.031066801,-0.015626423
2018-04-30,-0.073539251,0.10789940880000001,0.1631728966,0.1984597321,0.1643629008,0.0507810719,0.22603594010000003,-0.031128211,0.13159787679999999,-0.028978697
2018-05-31,0.0045864655,0.12393516730000001,0.163620231,0.22665836420000002,0.0867901608,0.037489115499999996,0.1809831812,-0.012761103999999999,-0.07608422299999999,-0.057608216
2018-06-30,0.026171638799999997,0.1406434485,0.1551115505,0.043420096500000005,0.22679520920000001,0.0673824777,0.0729595379,-0.109472921,-0.023966187000000003,-0.084974744
2018-07-31,0.0623249203,0.11890229210000001,0.2214277298,0.10670159779999999,0.1318631848,0.1259779558,0.1484828065,-0.176928102,-0.067022358,-0.020101769
2018-08-31,0.10888320859999999,0.1270108981,0.0959934714,0.2258543454,0.08645409789999998,0.125329795,0.1432722107,-0.078704655,-0.033197185,-0.058097857999999995
2018-09-30,0.09323978779999999,0.18857829269999998,0.2041877709,0.1598794166,0.1396349631,0.0103742126,-0.036446396,-0.08731090400000001,0.1368140627,-0.109517245
2018-10-31,0.10611621759999999,0.1004385026,0.1360655351,0.1252865146,0.1138959012,0.2561102569,0.1508324023,-0.05481851099999999,0.1281373395,0.0466673945
2018-11-30,0.0051703744,0.1600711501,0.13976193439999998,0.1840314572,0.1763438611,0.29158264149999996,0.0076534937,-0.012019148,0.264839366,-0.08808385
2018-12-31,0.0460632905,0.180191607,0.1714945906,0.2392071549,0.058577679,0.11240639029999999,0.2195648259,0.1302724201,0.0014557607,0.0431793116
